Date,Indoor Temp (setpoint),Outdoor Temp,Energy Consumption (kWh),Operating Hours,Refrigerant Pressure (psi),Hot Water Flow Rate (L/min)
2022-01-01,21.235975145400126,-7.218963707461647,2166.0102934312113,16,28.67230004877683,58.95191392586102
2022-01-02,20.348014905785128,11.170857334115375,1922.2165558492936,18,30.9322422327652,52.172242548395346
2022-01-03,22.150931097939708,0.02662845673640213,1782.3060219677216,20,26.75788836893284,48.62548767226976
2022-01-04,23.11154369728522,7.9232930016027865,1938.0559987489908,20,24.62883324705612,57.744630125166076
2022-01-05,26.749063956541683,-13.589992261752819,1967.0456424049296,16,30.75079227745725,49.983322269996734
2022-01-06,19.166592147370963,-7.47080166034975,2086.6658268373412,16,29.16746362910043,52.638148455701774
2022-01-07,20.117282446562903,23.37400609883523,1736.6176390748901,20,25.60621886112939,45.42171316970797
2022-01-08,21.081658035212342,4.6060257572412855,2245.3850803571822,18,18.434339890627886,52.74943385631324
2022-01-09,20.776750939647417,0.3577798117635531,816.2283361453539,16,27.7351580675816,40.44894846616767
2022-01-10,23.810222969662057,9.148896144489761,2562.986087571721,16,33.55767560453878,68.4125939136141
2022-01-11,23.890910039180177,-7.846554499544767,2008.8172061413466,18,19.732237218569857,64.32529821934034
2022-01-12,22.10444219769627,-5.104586633518774,2111.156924724685,16,29.308678522742266,52.12446967451309
2022-01-13,23.258104245316105,-3.4491990603909457,2274.4292012594487,20,26.829626848863814,64.25791410733355
2022-01-14,23.890255722310528,24.051888195205187,1909.0637754204788,20,34.82321907448059,39.20211964435701
2022-01-15,24.05252875043003,-10.316211153684215,2212.73382293318,16,34.37473240501934,61.66949095898129
2022-01-16,21.663534689258526,1.1681472291614128,2184.3665210639915,20,29.470029025601693,37.15812407220411
2022-01-17,18.06087556253117,-7.993310983041221,2523.103709239785,18,23.29863580113533,26.65201367206947
2022-01-18,24.980349052252368,7.760792080597447,1632.7624497763322,16,28.17468687521479,49.84081632232406
2022-01-19,22.05542356209623,-7.012944328949393,2071.532542461182,20,29.32973018235179,55.71992496887415
2022-01-20,25.57717761957845,1.223488954203992,1463.3682161706286,18,31.55976294257746,57.89358672281387
2022-01-21,24.67676638586647,1.2848309938613145,1979.6739297816591,16,27.013396095422994,72.03546800170145
2022-01-22,22.5482456482523,-4.629531677436052,2513.387582344292,20,23.500183225001702,68.65356995580694
2022-01-23,20.478109400099317,-3.0978827246353866,2126.54958097796,16,30.232578112862516,62.50194724510666
2022-01-24,23.7855911961642,10.275861863546162,1834.4634853347611,16,29.224288867162105,50.825021704702486
2022-01-25,23.720852723898147,-1.7603099780904579,1882.3065522437153,20,35.99842470242932,30.33449639063962
2022-01-26,23.587087766649198,1.3841584993698035,3120.188465476226,16,22.320636240766234,68.43814700828355
2022-01-27,19.22621384005676,-5.271645267943798,2165.3957544878513,16,24.26727534935678,40.44187679318129
2022-01-28,23.97030969543883,-14.481941503997993,1903.579743758804,20,19.346236467114586,59.2541624963431
2022-01-29,20.348533237910924,-10.109862118987031,1841.6471786395991,20,34.225391586757766,50.81990780037843
2022-01-30,21.269733392764632,-27.982425108665943,1973.2875801247944,16,29.902945788108692,50.8690853635125
2022-01-31,24.70013880243581,-6.210436134986917,2323.3551547071424,16,31.20015790500392,54.74354404646323
2022-02-01,22.529031600632514,-4.85463388517149,1431.0028236429696,18,32.62558345953963,36.67392531648144
2022-02-02,21.73456260282161,-12.772083816120908,1755.5439732201514,18,28.340692465172417,46.959647726341224
2022-02-03,19.66292678989898,-0.2060623109500863,1882.8048471035713,20,27.65824931579876,47.26434900255359
2022-02-04,22.43948246310082,16.938100413919276,2022.2630119185264,20,28.8939805435414,51.72161292788656
2022-02-05,21.53224013147241,-3.726599336193578,1304.3498667934252,20,26.118681279989797,51.71826009490692
2022-02-06,20.202360293884446,25.051493999431948,1317.633392385365,20,29.462369776173734,43.26016423843775
2022-02-07,22.78573715842701,2.7755025630132764,1554.5554446467195,16,22.304423220426315,63.14940518880734
2022-02-08,23.579671055873714,10.299724325211805,1418.9604747244312,16,34.2834404581328,43.01974368026982
2022-02-09,21.97415743874951,-15.364592712247955,1435.424970024439,16,26.449382277637408,47.065742326033
2022-02-10,20.315929328933347,-16.669551587790313,1970.3583420025495,16,28.46279426181558,56.317630011497535
2022-02-11,23.417558424757804,-8.22452790706474,1908.879958225115,16,37.14327192277921,47.67018903240377
2022-02-12,22.659755178287035,-4.094204360614333,1432.3091044630778,16,29.050351759389013,59.10172676613776
2022-02-13,21.852934362110144,-0.43234247339649023,1218.7298096720897,16,22.64911071931563,36.1624215657247
2022-02-14,20.25786173067389,-4.985532283957729,1653.5364665986822,18,28.34567186506157,46.87011003365778
2022-02-15,23.621492948105782,-9.324739852498292,2467.753161911781,16,26.96486818520979,26.004190859480847
2022-02-16,19.279776661695692,-4.771544592411162,1263.3415542373004,16,34.95240067653981,45.76266655559905
2022-02-17,20.95055615836438,-3.839518856051912,2038.159565136439,18,32.6223209517741,52.33022825069606
2022-02-18,22.91162931346698,4.786071262891328,2250.5288945758966,18,33.7057309657979,56.034171425776854
2022-02-19,18.692240576206164,31.22689794597811,2009.915059043662,16,31.937313810253407,59.52822548365503
2022-02-20,24.100603114175108,-5.9362097551812605,2250.0822076587856,18,40.66867462980857,53.75659360090827
2022-02-21,18.459415171750077,6.247501409794761,952.8064077174098,16,39.94305194145109,53.07878204905168
2022-02-22,19.338842170713757,7.8412160474047425,2133.728339189159,16,20.22896171966726,36.357151487671956
2022-02-23,21.573062320249925,12.444477988206824,1930.8469273763726,16,31.777889642380693,63.294312070868116
2022-02-24,22.38271092101414,-3.2294753388421045,2056.156690134013,20,28.146944297719443,46.501244987545654
2022-02-25,24.154264913518304,-13.375235061449784,1770.865174073595,16,28.221851670315655,36.110585721856154
2022-02-26,24.068848094144276,-3.1099531420504682,2108.0781135048815,16,26.64648418139348,50.500341002230385
2022-02-27,24.01768981475752,12.324067285900849,1570.2174868149718,18,41.46502301904062,59.59198439020925
2022-02-28,22.553843554342276,2.4563360525188873,1616.2861149923028,16,32.96907058164078,49.66638685234084
2022-03-01,20.889338144675254,10.844853225837474,1745.336217446039,18,28.313116424870714,37.772187633876925
2022-03-02,25.21905105788396,0.844294077325288,1963.5106409077964,16,33.46123179393418,53.636504112932876
2022-03-03,21.272805461172997,-17.795613431048828,2270.71439181012,20,32.19626727985476,56.07859474180357
2022-03-04,24.23121745502414,-1.3239674937537318,1601.737506541876,18,36.35197181190143,50.582798561195176
2022-03-05,21.397968346340654,-1.2461095108048283,1793.4628572846782,20,24.7418844505414,45.444534569383634
2022-03-06,19.70228454131702,2.8569380420938693,1588.2176021367266,18,32.45016896498868,55.86120326712319
2022-03-07,21.626416036661254,1.057517471045088,2069.6435906943198,16,25.783129386545333,62.4565490974556
2022-03-08,24.564157770782995,8.721830837897432,1233.0714545459825,20,27.663665804644264,67.31348028168046
2022-03-09,21.675895635215415,-10.02820585675386,1584.7776949967213,20,36.309402158167394,85.26107747069585
2022-03-10,21.423309477492474,11.32242454806962,2373.913302136053,20,33.0910678138502,45.209301303045606
2022-03-11,23.852932158142206,9.92831471294922,1132.974476093966,18,32.68953918120955,60.64020748761733
2022-03-12,21.754406748415303,16.538644812443057,1626.3603563950983,18,33.009958206580436,60.14269780531002
2022-03-13,20.95534986420533,-13.232801122394452,1404.0919122417506,18,20.72932358995832,54.269703006362796
2022-03-14,17.884444281976116,1.3778748128327756,1897.7571827615516,16,34.219115417295825,54.183900849417896
2022-03-15,20.046446276847544,1.2995194689743936,1108.4826639890284,18,23.10331068850705,68.21826759792694
2022-03-16,21.447197963285536,-11.096728374769054,1672.4663443707384,18,25.447980473004776,46.58646301284521
2022-03-17,26.79541317085391,8.059850251990488,1352.3841196206556,16,40.08037457510585,32.540879750949586
2022-03-18,23.678698272389575,-4.934754381901778,1062.3795138211185,20,33.29082561762077,61.346785029211674
2022-03-19,21.065589560850025,3.9979769217496557,1406.82258736594,20,27.3193280431272,36.58409407082574
2022-03-20,20.696269100348474,-10.377049763465617,1930.43359476407,16,24.77966331906014,51.92141607881427
2022-03-21,20.71692113701541,-0.4043326716283344,1608.5493083357567,16,30.828352930036647,40.60012300063112
2022-03-22,22.727836904859387,15.484177620085415,1605.8084459225188,18,33.211925384126616,45.87371491281341
2022-03-23,22.238831778601504,-0.43408275915718253,1766.537747865559,18,27.338038523756673,57.19477868675141
2022-03-24,20.09264270594961,-5.567651199543739,1296.403757260045,20,29.651441758956803,58.589954720854294
2022-03-25,18.603176292722853,7.093845004483441,2089.859139008684,20,30.581177974094793,51.64892782952895
2022-03-26,22.752015768428365,5.924026662883268,2036.5322908262465,16,26.009425179502163,58.38306055001282
2022-03-27,24.624009385403564,10.065233708411554,1250.207799862428,16,35.19259257499663,52.57653719433714
2022-03-28,19.862415473548662,-9.1061428667395,1364.2886974603398,16,43.08510522307846,40.60926226576451
2022-03-29,24.607382193915956,-12.623559362117746,1382.4400364097567,16,30.21674780311827,71.44611359930879
2022-03-30,24.67926231853718,30.188113731452482,1596.56547214135,16,37.99978669168225,50.171782762842795
2022-03-31,22.648891607265842,5.355880596135076,1914.821947608635,18,34.461188617207874,56.467458461298875
2022-04-01,19.543738273884593,6.5813081955070984,935.1952620968267,18,36.08076955710776,52.315888897320804
2022-04-02,22.940647973474697,1.4630970271373158,1690.7131785977979,20,33.898260425578066,52.84051704624217
2022-04-03,24.07667036440275,4.708915829024949,1578.1583837185945,18,26.86801996031406,36.69720130367834
2022-04-04,21.727864311951244,6.70444938157557,1941.9397046702086,16,23.32073829476144,29.141081702974773
2022-04-05,19.90523149166196,16.12349048644503,1676.6711307848393,18,29.29604452597453,46.91023110580547
2022-04-06,24.113860974534468,1.9301599106219793,1391.9164052782617,16,36.047348985158756,48.499106675047585
2022-04-07,16.768954855216972,9.804312663921063,1489.2179109670753,18,36.306451082403335,59.554500770975935
2022-04-08,21.56852045282775,-0.9426747493907399,1472.9355459597373,18,23.724961240979383,42.083504936370694
2022-04-09,21.67689407796675,14.48078118394297,664.2231855495911,16,17.69493230215982,30.808839939527484
2022-04-10,19.601485975695816,10.66139111330731,1437.8701855259644,18,31.773746923360342,45.22239665721117
2022-04-11,24.873822049007206,14.46133164568505,1515.984562213092,18,25.34941684737502,43.26419769141694
2022-04-12,22.115986735473754,20.804865475611464,1295.5066077072163,18,29.584052519404253,24.18279155552269
2022-04-13,24.747067282294662,12.911211947733458,1294.6754536481624,16,30.541422079253675,36.949233479095255
2022-04-14,23.244271117598,9.408096966305951,1773.3474039338528,20,28.062627475301063,37.63624693448658
2022-04-15,22.75021070887612,16.291479205549834,1766.1498041381826,16,32.646816681381935,36.934931250799025
2022-04-16,25.073926874540152,9.1441059432204,1058.3583133228067,18,33.651299777696494,40.41124876416551
2022-04-17,20.411313008392266,19.861657293845077,1596.2957015437573,16,28.619298491901098,49.25417528715587
2022-04-18,19.13941265460837,8.988920404018634,1546.177321322551,20,37.256684566191325,45.79596581236138
2022-04-19,20.271590009033766,3.720671488303351,1405.9005985827225,20,21.916652654588574,58.43571081842299
2022-04-20,23.154311699677482,5.477078448362154,1602.7009526012116,16,26.522724930924102,57.00723272977737
2022-04-21,23.99961168635536,-5.708612329548304,1432.0806303615598,18,31.571809593825012,64.17251246220582
2022-04-22,20.757722130658117,7.76759180711869,1151.3989024894463,16,30.491221228950767,60.8682162308064
2022-04-23,22.404865195441594,17.506762913031928,1458.8055580728555,16,27.41554722155444,40.537106959203264
2022-04-24,20.09080348126188,-13.936683496006058,1609.192798992961,20,33.96746225589161,47.198591942377796
2022-04-25,20.83930911798077,-12.679107751796124,1164.9520298537298,20,35.09762984041391,50.34736069482005
2022-04-26,20.86983724089848,18.719863131578332,1032.2741697703532,16,34.61414257362323,36.60715984619124
2022-04-27,23.92662727786206,11.955509398002427,998.0438167134948,18,31.377000957608104,54.59706315434539
2022-04-28,24.095448936274906,13.656019387549568,1428.6508208680189,18,27.562499532264994,72.11503195034786
2022-04-29,21.07303966817745,26.846858750979607,1431.0366522746842,20,32.17503509158313,39.35428311732663
2022-04-30,23.6510648269993,25.394053604287286,1384.3052077712398,18,39.791061612579234,64.80018875890946
2022-05-01,22.616329477075407,-6.171409047204509,1105.3850965694244,20,46.52194631333157,42.77408910748628
2022-05-02,23.39685423377534,23.297450659457947,1620.213610809731,16,34.852998122010405,42.04627013981438
2022-05-03,22.96528875354444,25.3292259710692,1213.1560616809863,16,40.702514774653125,48.86451227624838
2022-05-04,24.98669879401494,15.229779377991973,1239.3272879606545,18,31.260504395744558,43.25353658028545
2022-05-05,20.73712251679936,20.01384086683985,976.3328109009308,20,35.35628733744489,68.39434875217322
2022-05-06,25.126078793401884,9.038569409800894,1393.8477073200963,18,26.336693294469594,57.69179636321282
2022-05-07,20.4557093607998,14.045574530239989,1096.3088875259807,18,28.82282195559058,42.55692729459065
2022-05-08,26.136986237691094,29.030911438334943,1433.86377613378,16,24.227486981435135,48.57950393423178
2022-05-09,22.27674353616751,30.88202199208265,806.6185466431042,16,27.431965202612176,49.05232963844552
2022-05-10,20.335962342974867,10.939805811078962,801.5577710959449,18,30.99438526514745,61.33904542612771
2022-05-11,20.397550833273886,33.41331324814571,1237.5428388728442,16,32.716812331278554,54.70404834919721
2022-05-12,20.502400928532378,17.769083091504527,1006.8729806377996,16,34.81398527439141,63.81775862493212
2022-05-13,19.645890223556496,18.92588328199008,1060.526556502771,16,29.976336348311357,30.38741948364377
2022-05-14,20.688619290204795,-0.7390012676162065,1206.143255953473,16,25.782842178993448,70.5183384531205
2022-05-15,22.08443853460168,-3.2387718808361328,1145.4459618848512,16,27.834057738327825,68.2920129902892
2022-05-16,19.273315998016518,20.663551665019448,796.2617589672917,16,30.968540559598612,64.89108368406559
2022-05-17,22.977510266889887,15.50128306994596,1399.1147605733559,20,27.965388940742628,53.733796808224206
2022-05-18,24.48480623214891,13.109205116224715,1257.2898026163239,18,28.07732387091877,41.05601300969282
2022-05-19,20.663096735980726,20.920297302823464,1525.4150931099557,20,31.60578050449869,57.198944144343514
2022-05-20,22.407922881139424,15.08976380773846,826.212749626407,20,19.665553381338373,45.891643444813795
2022-05-21,21.580923881993012,28.065227240242066,800.1534758110218,18,36.47904993201604,55.32868250214099
2022-05-22,21.020056736480488,-1.3451373787745844,623.123988694355,18,38.03051939256244,52.60224119379116
2022-05-23,20.76835599320649,14.113973700646255,1670.3188755635283,16,37.89603000602552,34.188361029895155
2022-05-24,24.126623583499548,20.517545186276095,1201.1778368052471,20,36.74758755900462,44.21983911555852
2022-05-25,21.0938537389439,20.90652304314149,1584.432920980132,16,28.290270736785477,34.52225754660587
2022-05-26,20.072249620830807,21.26314763964152,1633.6408315962162,18,30.916509879455898,48.77476398945611
2022-05-27,22.045476520897026,13.427582557122244,1241.0286944299653,20,33.87762580392781,46.111316553475945
2022-05-28,24.302249010713194,19.610341046666896,1075.3226411146288,18,31.85354931627018,45.479145947964
2022-05-29,23.08196041220057,22.264127022986166,1411.7183350326259,18,31.280997195128716,55.63602307881777
2022-05-30,20.620824398304784,16.77560045222822,1194.1944937349824,16,21.299435263052995,54.841403368100245
2022-05-31,18.565206008059214,27.471110181926335,1193.9802735497665,20,35.63976579671691,65.69816515172778
2022-06-01,18.558219836575436,21.2202167136912,822.0883526717564,18,25.927684171512286,35.44130123110931
2022-06-02,24.547516389497037,14.151024391917757,1126.6050945726968,18,29.2540214291527,55.12386916921475
2022-06-03,19.64887069276801,12.336963721710557,1179.0275740881816,20,19.513432449155992,38.98736122323046
2022-06-04,20.34011586801014,20.608043258319384,1350.4827180415173,20,26.351598206536618,48.70144473382638
2022-06-05,24.22804305828887,-2.325026821536561,1763.7932799958064,16,24.71101733797397,48.38382573778944
2022-06-06,22.176345585174527,26.943497862353045,1237.8043099477725,16,33.807378214952266,50.308196944294934
2022-06-07,24.08774165148317,11.96078509644636,809.1286568248083,16,27.134181660285424,38.46891579518229
2022-06-08,22.082405389643323,15.661736150520293,1283.2944916780184,18,28.07223486268924,62.59491238544173
2022-06-09,28.01200852475645,19.109489475101697,1039.2385703276489,20,27.45860510496769,49.66732234286489
2022-06-10,23.68014978306344,31.688857454160566,1032.5119249047796,16,27.956949573536942,36.2962417273692
2022-06-11,23.965642616883436,19.32201929387644,1218.5593128626106,20,21.54413324742483,41.00475520725475
2022-06-12,24.52985043896215,17.17489678578334,617.5562842718439,16,26.506611595787476,50.05570310593577
2022-06-13,23.052473117755305,25.681849934633927,1099.63213865969,18,31.287094360991233,56.18064751368891
2022-06-14,22.041344461647572,32.85779258328994,1080.4088513812637,20,38.43541710096112,49.39110718117748
2022-06-15,21.73516211700639,21.232726358924513,955.5665177175496,20,35.911474569781966,48.55390054952404
2022-06-16,19.456337120801603,25.675275749419768,1097.7261748406952,20,29.658321078426727,44.68659668740355
2022-06-17,19.997590883441916,14.980403750597024,709.3697415317775,20,25.267100033574877,49.73200426190952
2022-06-18,21.519525773473315,40.08736385107213,898.0044688429093,16,28.950246037932693,73.83523887930518
2022-06-19,20.099745971101118,20.676362934458567,996.06389050391,18,32.93486748619628,42.748168287228665
2022-06-20,21.176458935058413,7.900696899363929,853.8143411236089,18,25.408585223387274,53.61853998331851
2022-06-21,21.048031483667003,4.815863962843265,859.8007715484422,18,27.546234870323406,53.39203241478674
2022-06-22,20.09935597509842,19.569632873019973,1153.551445083902,20,33.72816094245882,28.74721243237422
2022-06-23,21.764884209068715,23.541579527230454,1568.394511993396,20,33.97309879115027,47.16003673273882
2022-06-24,22.629593421673267,22.158373766713453,914.011905589977,18,35.2022048365263,38.12800727311442
2022-06-25,22.133505028607065,13.213861623384332,1356.0509276504567,20,29.711874013053944,33.93560977512692
2022-06-26,20.987395134272955,-9.451136585452623,1070.5592963507513,16,28.386023558483405,44.993528295019125
2022-06-27,22.016879614952384,6.241519104768505,1555.1866832024007,18,19.779459909716675,26.598655352198847
2022-06-28,21.906921349939825,28.071403653792558,1087.247638113841,18,34.28960328482305,55.30618632535078
2022-06-29,23.878301632448093,20.462567123580282,616.1759870254533,16,26.938887176530663,51.55718114053125
2022-06-30,18.745134208193726,30.837379606477924,1094.3595218251558,18,19.16458696596898,57.539283729677045
2022-07-01,19.733333576018698,10.675369105243767,794.1774973420263,20,31.44570958267978,48.18165328126507
2022-07-02,19.349872524917178,26.998944946308484,757.4184556822826,16,28.73074285907324,58.01176518035681
2022-07-03,20.071296857910536,23.55242104159545,825.089969641517,20,22.22558321662715,14.501140507236798
2022-07-04,23.992804343730935,31.586766322820377,909.7593373864755,18,34.08373570299855,49.24620838060561
2022-07-05,21.310944369826586,35.051594065214026,1310.3762704036922,20,39.66240784616613,37.051061099996915
2022-07-06,20.453466215383894,21.251091009022268,850.6235302476852,18,30.254950236251617,42.43655189370379
2022-07-07,21.28367766075788,31.90172227428789,817.1677276917799,20,31.43563996969037,49.39793121968582
2022-07-08,20.87809270808052,24.66248535355409,1165.8057596302156,20,34.519804915481544,57.33750356656074
2022-07-09,19.250193938518915,34.23110652006012,1312.876993562772,20,24.084061387222942,52.72534575861251
2022-07-10,22.07306371819502,25.68548436719569,750.1908514090734,20,32.63360261782223,46.83753208835692
2022-07-11,22.332898432766196,30.213646758530807,1165.4796554342263,18,37.661844904059265,57.722409182249834
2022-07-12,19.159891323665978,31.653966496556272,1001.861193965327,20,26.764077697295303,61.93998258144218
2022-07-13,21.75480156482775,20.15394619872061,1100.0022826517175,18,42.78768223096424,42.23100843230814
2022-07-14,19.03179531012491,20.667523478797378,803.0560573540921,20,34.63436417608343,35.78463920042512
2022-07-15,24.612249282357897,30.32465640100459,870.7696188236054,20,29.705284176700204,58.77866048459794
2022-07-16,23.461523853479402,15.968446074720875,1377.130533569033,18,25.65431168851909,72.26196601366446
2022-07-17,20.11531015199825,27.22024796572564,1173.6188420041003,16,33.87231698946077,47.36333014861957
2022-07-18,20.43923186047577,12.06640833085778,904.0630515542388,16,27.573839065666228,34.55129054068941
2022-07-19,22.77569722503371,29.981360643834673,750.1389845140978,18,23.53758217100507,50.762308973239634
2022-07-20,20.932956425254456,29.04600614268451,1080.2547341538434,18,30.994946830798035,45.601784064394195
2022-07-21,23.27304932392108,17.94335161233937,820.0518185143626,16,30.034411221353096,52.16358505073492
2022-07-22,22.048899772699855,13.124239081371512,1078.479618297941,18,21.027018909292973,47.731447938261695
2022-07-23,22.02282989820526,20.541543838876812,1096.5827521079634,16,39.42136235288339,52.147980391770666
2022-07-24,22.421554905710185,18.321832446557806,1156.5719241293095,18,23.242822715802962,47.076336797421206
2022-07-25,23.824683868972794,25.68472250832542,757.8864773249414,20,21.508224832505412,41.19129992350784
2022-07-26,24.800938932891707,34.41728349681418,1289.1076064503802,18,30.402878284443158,51.78228738938628
2022-07-27,22.622700680183176,17.625434778509344,1271.4014833158294,18,32.80926126630415,54.882669865364406
2022-07-28,23.409953933804573,44.65851910314514,949.1697009065429,20,33.98176435265468,38.65295147152656
2022-07-29,21.85080681736052,5.0135036262305945,1163.9618469355737,18,35.38770146787829,41.242691049957045
2022-07-30,21.383902386135198,32.75378465028027,1080.4363876309878,20,24.259793412184926,59.43159124598921
2022-07-31,20.34275371018665,14.47528598227346,894.6933737162542,20,33.13321106811429,54.215543811983316
2022-08-01,18.161761992888167,11.554711073072298,904.9890436210284,16,28.62631521180384,40.256242810879826
2022-08-02,20.1396813436447,11.290139628991954,1058.341224363876,20,34.034987548333696,56.10829834374716
2022-08-03,22.91160489824371,21.244353413927556,1221.6569509620467,18,21.75626013496656,60.93616873196828
2022-08-04,19.548288602528583,13.765955321696499,1148.5727210268,18,29.969172539032233,43.95060003391228
2022-08-05,25.90644957297898,30.20251897657905,1557.8494714703281,20,36.14914816453464,51.730892238368256
2022-08-06,19.216569736075726,13.827319342562504,1296.108191512644,20,30.084896771865374,50.24774744510315
2022-08-07,21.56749766754146,7.363870002069454,873.9507507539541,16,29.090502106007637,52.289047641327954
2022-08-08,19.20635996488526,12.603723954232048,1262.329121881284,16,22.08019259223511,54.31938996794965
2022-08-09,19.766324136765633,19.758026789506676,875.3773686934028,20,32.81801719085784,39.61502191834166
2022-08-10,24.666125701069333,21.340841315114666,1271.436932171221,20,29.318165335862602,52.358667341311666
2022-08-11,22.657768698720442,14.326953635063813,1070.7479915349215,18,34.819867811990186,46.611870904007155
2022-08-12,21.81991204893715,22.357039731142265,1004.0847585608827,16,36.68706753246325,49.45005109798472
2022-08-13,25.243632115057707,38.234450125831195,1306.6741510561376,20,42.32921803554217,66.0667752266125
2022-08-14,21.228751042695706,18.419990915064204,1167.5581528706184,16,22.86676165907533,57.648722714296184
2022-08-15,22.0691730042107,38.958234917389625,1107.6437377991945,20,37.362876206048256,42.369087027652725
2022-08-16,23.324896721617797,17.10537162260757,827.8612283038345,16,33.92285945247748,36.688937000826144
2022-08-17,22.147709041628886,17.062558468764387,1006.7159864897603,18,29.743617971271824,61.93448538464892
2022-08-18,24.741060735777896,24.046913422745938,1175.140474764956,20,21.82341552336677,34.3072448586863
2022-08-19,21.02600370470823,30.542334198647225,1175.0945519394425,20,34.656579362198286,53.29106263165431
2022-08-20,21.205987449308633,33.234111871418854,1239.9761828344822,18,30.679877722669943,52.339364504520326
2022-08-21,21.189628657690747,23.91388690839374,897.7050526834543,18,31.024587807600174,29.66271976648099
2022-08-22,22.126862769949714,20.01984140904423,1110.495778308173,16,34.21976412441928,55.76090639639646
2022-08-23,23.548515189176037,21.555641070920323,879.1688951896615,18,29.827030171541534,37.950144292804374
2022-08-24,19.565418454451873,38.61811225036492,876.026592189607,18,26.50929703380534,51.586065593665765
2022-08-25,22.718213255474577,25.65046380993029,1052.832271763614,16,32.05318677885764,40.332849828286435
2022-08-26,23.11722410311491,25.09045896810641,1198.303909299161,16,34.90557395395743,57.625125994214734
2022-08-27,22.675413056355804,14.108958933945889,1358.3816063778343,16,27.578464539306097,62.03675873537071
2022-08-28,21.11571278441167,11.05864791439178,1003.0897473496374,16,37.25655471672995,48.4640428656002
2022-08-29,22.03448933583811,44.46616350869273,1048.354210235022,18,31.02430835072922,61.99104525567602
2022-08-30,25.711018101491717,34.95309263852182,1369.0106737190808,16,37.98597039760767,57.20156198966211
2022-08-31,23.00800253838562,35.31382587164639,1251.354711859286,20,35.26039508656978,60.43963256588802
2022-09-01,21.36852126107586,10.637630896448938,974.4783492958385,18,35.11749126725465,49.80413611165985
2022-09-02,22.884593979402727,-4.686847022907713,908.5285085732303,20,30.35494932845458,68.84464798719512
2022-09-03,22.00115189982452,32.442018064145174,1378.5811000487765,16,29.082593885528116,52.09433322053224
2022-09-04,24.568914055608943,21.89833249777648,1279.5071078402061,16,24.80845651483229,48.482868365177694
2022-09-05,23.242265415499922,24.09836764571195,1077.8839494435874,16,29.881745904474872,39.689578158374836
2022-09-06,29.5245858730583,25.90893014998504,1004.8865098827914,16,40.043338995755725,40.24840800892254
2022-09-07,23.133428328189797,13.412073937038343,1423.8933253296327,18,30.763192653822763,65.10953553764622
2022-09-08,22.420001429779504,18.990128928457757,1344.5156864927621,16,29.445707061804512,31.027546748646614
2022-09-09,25.106129302215464,17.632930832741778,875.8728392550197,20,31.98098947356504,37.93942927615811
2022-09-10,19.189242940896225,7.008779310059847,1161.2032688060742,16,20.269125663288577,38.36457009082992
2022-09-11,20.202596878528247,13.839930880802159,1362.1169263475977,16,29.204752887227915,60.8258612557923
2022-09-12,19.360600215105325,34.45535742973144,1490.6140210047333,20,29.038037114826878,35.781947630226185
2022-09-13,21.740950851212812,9.19498409528589,1587.6638559777966,20,28.614337355024688,54.1178134959707
2022-09-14,20.863074911000076,20.891949307928318,932.714841275411,20,28.021366064966163,52.41644148332438
2022-09-15,22.71498232063789,21.370453039782852,1213.7116231598018,18,24.100311938423324,36.265662592703755
2022-09-16,21.417153592518332,3.2891698667658567,1324.1968408812083,20,24.707355723904282,49.37916479413488
2022-09-17,24.510462429689518,15.220111132593193,1227.802594884691,16,29.692600897307027,50.633155416183975
2022-09-18,23.577081768946137,22.577811935867853,815.43537740678,16,28.970245888240235,48.747969242250726
2022-09-19,25.17555679628846,10.006076973380848,872.4820260006518,18,31.223470959124523,61.677899849343774
2022-09-20,22.34129011881561,27.615799325535225,1172.454149490826,16,33.38727451906558,28.40844977835516
2022-09-21,21.059383769851408,28.227706212040374,831.8925206378859,18,24.694928818634917,54.67527412920336
2022-09-22,22.84973892540086,20.196575108916424,925.7620075624186,18,30.48208614873349,41.27543246273485
2022-09-23,23.716721552448345,20.131161732176828,1414.3055289098718,18,39.59260713060797,57.57558918331806
2022-09-24,21.78180790893513,26.10857629754328,1486.1507233420264,16,27.81812393478991,40.44193752202899
2022-09-25,21.14586643630123,18.525196557036516,1200.299196573729,20,29.628948378258798,47.10161533642428
2022-09-26,19.983734367097558,35.11052754315035,1239.2733107498577,18,23.037555156709203,59.80476672323796
2022-09-27,20.958921284185912,25.172592366920753,1066.5668446683555,18,34.501975199402615,39.402776450231315
2022-09-28,24.18959992373182,31.81321772889916,1204.7607259215765,18,21.48246503492851,51.34307247446252
2022-09-29,25.26069984265318,16.547589913232578,828.1220056764673,20,24.924955028529865,42.66171475389652
2022-09-30,23.355147510513792,10.789303271731258,1021.402184679919,16,27.741212781671855,51.36331987303822
2022-10-01,23.84786890920551,38.73391858942637,1413.587517575798,16,32.65096937202332,36.02366283828937
2022-10-02,21.186162808111643,7.229487884157001,1364.9301323716506,16,23.16276247928257,42.56792274495553
2022-10-03,18.15122772536615,28.637036370420425,1304.4784083071186,16,25.30254886114504,52.829407943552866
2022-10-04,18.877864946895404,3.7055060934639172,1326.199373339867,18,45.23316361732287,46.929537791846215
2022-10-05,21.13361094359903,19.283889342852127,1530.3648619248183,16,28.205372693273805,54.076622140257456
2022-10-06,25.231537533906497,14.885502823147439,1675.8983021610643,20,31.9168365669621,41.54975133705094
2022-10-07,22.489584615097854,0.9656893127975472,1329.6488668984205,20,29.95009078053128,56.18013122821254
2022-10-08,21.002276536650577,-11.387456526145428,1143.2489177754808,16,21.122772072229722,38.45752077879755
2022-10-09,24.664430993205517,6.380985916365734,1129.5895212776977,20,29.047821988763452,47.953850913841656
2022-10-10,23.54213892945789,27.856382194693815,1282.1766284914997,18,30.081522087621533,53.49247407252734
2022-10-11,23.555550037309455,11.986378132859864,1695.7985429194516,16,33.93602616512713,46.76221145859858
2022-10-12,21.111321733236387,20.076072338575493,1336.42134956534,16,28.94441770405534,39.70014221794217
2022-10-13,20.476130800973536,2.44749968918957,1431.5197257686652,16,29.996232602317296,54.66229995996197
2022-10-14,21.628759138897017,32.01253598277434,1188.1904797750835,20,30.293374019781403,48.761090661333185
2022-10-15,22.86418123006523,-10.767288483095115,1287.0268724992482,20,22.529838568752595,66.3925560462373
2022-10-16,22.137155046908347,12.269358954611121,1136.0777013781023,16,33.8228639559487,62.427804998042
2022-10-17,20.561951750237483,19.176010975967607,1234.973762622934,18,30.256251538929885,50.2028339870686
2022-10-18,22.192810940821165,-5.7593290283451,1829.5735704510985,16,21.141001678886227,54.97268563953481
2022-10-19,21.52074018807978,15.639091779156695,1823.9566752294518,20,25.526158055088384,59.54549022519099
2022-10-20,20.61241340334817,13.217983413012504,1789.5732609780189,20,32.230049184612284,37.26251523742263
2022-10-21,22.75216020880002,18.858463689735242,1360.8907551046275,18,30.870344352228702,56.775006211579885
2022-10-22,19.372430458586305,-2.5863101903051735,1188.5713774180338,20,23.936879788397167,45.159260364328006
2022-10-23,20.774621355014393,28.19882639179024,1181.9634499337158,18,24.453458136283498,37.22874441245339
2022-10-24,24.522353157369956,4.921837625314655,1151.3104794687374,20,26.842218756608837,63.59811064780285
2022-10-25,22.307845201614878,28.370503237314395,1305.2179352811834,20,27.688369043282304,61.94075242724068
2022-10-26,25.284552960179454,20.42541121637492,1165.750587779078,18,30.662354188522414,55.02949114968925
2022-10-27,24.37553628301105,3.5529212545658932,1321.510993344209,16,34.038108592089316,57.31643670705917
2022-10-28,22.216015353704314,18.608850241297432,1214.812978354413,20,23.114089243182764,53.94444851787126
2022-10-29,20.05832681638509,14.049469074885797,1321.0321552985067,20,34.32090691963162,45.676365806357154
2022-10-30,20.085952727643047,18.983967032470417,1423.1668348889684,20,32.61670186212276,69.8141175339657
2022-10-31,23.211944888870256,25.244540071728704,1472.2186266722283,20,28.04122279909225,51.88509718050394
2022-11-01,21.93642132379736,6.302377530833132,1260.8186493767917,20,29.0120839117572,54.76065646091888
2022-11-02,21.17492166798919,-12.640896059054189,1512.70486813422,16,31.790691904127037,62.43247988717459
2022-11-03,20.948927053351095,-1.2970238131720393,1629.2442586540894,16,26.652680849290984,42.50993269996146
2022-11-04,21.62015888793068,13.498883203349234,1516.461190007972,18,29.147476749381205,41.807397791380154
2022-11-05,22.98968619846887,7.811903558180678,1885.9997829437132,16,29.791608404454028,52.15134040461289
2022-11-06,20.755570181282607,15.711356184914358,1728.1276718842755,20,30.13311704472459,51.38543844241514
2022-11-07,24.290846470105052,0.2558988711758978,1773.3675696502798,16,29.394418245819296,41.02865402817383
2022-11-08,23.905780313625282,11.829751163375885,1769.373109445376,20,31.75138482442622,57.167824550221866
2022-11-09,22.347054287672485,10.353960408832492,1362.1049872701626,16,31.330805525640667,28.49698071378668
2022-11-10,24.89166633310394,15.414388432902573,1374.1832080407037,20,31.566768749244357,64.3026904886357
2022-11-11,22.225768205603057,13.648654100999249,1636.1131136454312,18,32.79290955285791,46.836013140316865
2022-11-12,26.36894315859718,6.536642014409517,1859.5449734760634,20,23.27590120956671,60.92058840463238
2022-11-13,24.588929916330507,-11.57741702730602,1661.3556987787074,16,27.769266936698322,50.70151655104426
2022-11-14,19.601477205804812,-6.396934205575459,1341.8244794420677,20,21.704374985261495,50.66510438468955
2022-11-15,21.588373666039,12.730944614780215,1841.6784566028916,16,31.29589214726511,49.65950969719716
2022-11-16,21.633155024208627,12.0125075319627,1190.9684102307424,18,29.65510858433115,60.57446835324099
2022-11-17,17.922263328238596,7.4039799427411825,1548.6756743880824,20,29.483213860468407,53.96897732859236
2022-11-18,28.02385249199795,-1.2872476066740326,1623.3350647978968,16,26.197439652370186,64.0639200021688
2022-11-19,22.640208698115845,30.627547196949877,1589.2428746232188,18,28.220652922198788,39.60533368235605
2022-11-20,19.924683229381287,18.51184042661846,1296.6459185783456,18,37.521170100011005,38.382846024049954
2022-11-21,23.268401813892147,33.1526470371131,1401.5829268502075,18,30.204177067948446,56.278921895457536
2022-11-22,23.451102157150874,20.417099209710518,1831.5743504427317,16,31.02655627207819,53.60631684750292
2022-11-23,23.908216611160928,-6.401991484834827,1589.4455180294992,20,31.66741847083562,50.372286640204585
2022-11-24,23.164843234810277,20.200189986730695,1820.8937199401548,20,39.91511106710322,35.67865732929559
2022-11-25,24.983631548395167,9.137902155742793,666.2046068292196,20,27.755820060168922,60.97694576317683
2022-11-26,20.25960409449071,1.871016025645316,2304.7156810027705,16,36.97843304055782,57.165138783509136
2022-11-27,22.46143473748501,4.053841027003333,1249.2321342957543,18,36.158500098571395,53.94963340973144
2022-11-28,21.51868144053442,8.266821121543979,1369.4272607517596,20,19.931736002154693,65.42024183571533
2022-11-29,19.386138108288645,12.2153392813947,2043.2837660068133,16,25.942792235135602,41.04323609677372
2022-11-30,23.84847527963295,19.107457771903675,1682.0269474754857,16,32.70674941166423,48.86724256460804
2022-12-01,22.364566458633135,24.763169369894623,1944.9633953875118,20,28.605971678409773,52.597406122245005
2022-12-02,20.67556634027892,8.429804109756079,2100.947239063981,20,18.18763333806862,58.04659143980811
2022-12-03,23.95964988389559,9.063718907253705,1949.825860864868,16,30.70030342518413,67.96245172014473
2022-12-04,20.05661256692236,-11.355493715069443,1157.3771204547731,16,26.239852225348287,67.25706396746851
2022-12-05,23.171512331524603,3.756568444044863,1762.541041856501,20,37.0196767192611,51.038495916222416
2022-12-06,22.789832912127835,21.866351556365892,1680.074555955561,16,34.297114451798066,51.802134514149
2022-12-07,18.393821933968976,10.45133511892507,1680.4575764085184,16,29.602893233124185,47.87116274394367
2022-12-08,22.16647869571023,-0.8748146645307369,1746.53549138316,20,17.291630314106747,54.639532943759164
2022-12-09,21.492304026824545,-9.986554382715704,1754.1186060063774,16,35.9838427940039,37.344595653664285
2022-12-10,22.33742807706209,0.5653217937392965,2041.7742286262328,18,36.993419706034196,60.105035438608176
2022-12-11,21.838408219681778,4.264826329436659,1936.513458199953,20,30.918754880778874,51.629404803122874
2022-12-12,21.10905022408774,17.596942822295674,1472.1678171077456,18,30.3577579723059,59.813477653639914
2022-12-13,24.987020326538225,7.936028127233584,2250.3451160817276,20,41.720388987949875,57.56356863059507
2022-12-14,26.03151318052321,12.232624234181056,1999.7384610723298,18,25.678697513144584,47.42036269085532
2022-12-15,22.70035505764912,14.115890495658029,1637.6118150713503,18,31.884232832207793,63.952930911891904
2022-12-16,21.73727579626812,4.356668390894452,2198.375628109418,16,27.995672326763454,48.844698107696956
2022-12-17,21.70105829464449,-18.411552091253668,1500.6479980294494,20,26.782975538058146,46.64304543248032
2022-12-18,22.195089497783133,15.767311775014125,2022.3540024070735,20,33.0905521085607,40.89307056443152
2022-12-19,23.690019764580864,18.551443403285536,1984.2827928160793,20,29.384688724456765,25.95878869948595
2022-12-20,23.39846887110121,0.2733505765035389,1781.077144600443,16,32.04116485631652,35.74236785595997
2022-12-21,22.98391520964593,-5.504429028418791,1881.7050458662172,18,33.09804277292574,26.595806071499712
2022-12-22,20.222457826502808,-18.389821559120712,2417.006397182119,16,28.06802574439608,52.82063992137285
2022-12-23,22.15462924825094,16.952799136693223,2119.9737058020187,20,32.67816886808064,45.07749972927154
2022-12-24,21.40981346949432,-7.062151680817472,1746.108871790303,16,31.843073165782002,61.42995585104127
2022-12-25,18.21848866499245,9.891059686930799,1793.319942312968,20,37.10190231923263,32.68616539713294
2022-12-26,22.261266505610397,14.211361544511682,1545.2147566813896,18,27.999087204499084,50.429777546525415
2022-12-27,22.694697193016168,0.14297053958579742,2583.252543426393,16,21.58968802360957,49.818820250966645
2022-12-28,18.66691341818132,3.385130123428686,1840.2878299733677,16,35.53291495911989,65.86665305520995
2022-12-29,22.335065494277487,6.357331521465461,2151.25656948681,16,25.791567054755895,48.149401011584814
2022-12-30,23.74554617032811,-0.9571149179535219,1495.1653241283286,16,29.613985041565677,34.69705659930299
2022-12-31,25.265513263242568,-22.28564214732924,1925.9296955319771,18,27.680149222643397,54.91546276288273
