Date,Indoor Temp (setpoint),Outdoor Temp,Energy Consumption (kWh),Operating Hours,Refrigerant Pressure (psi),Hot Water Flow Rate (L/min),Day of the Week,Month,Season,Temp Difference,Outdoor Temp Bin,Energy Consumption Lag 1,Rolling Mean 7,Rolling Std 7,Energy vs Temp
2022-01-07,20.117282446562903,23.37400609883523,1736.61763907489,20,25.60621886112939,45.42171316970797,4,1,Winter,-3.2567236522723277,Moderate,2086.665826837341,1942.7025683306254,152.656292922264,-5655.683740128523
2022-01-08,21.081658035212342,4.6060257572412855,2245.3850803571822,18,18.43433989062789,52.74943385631324,5,1,Winter,16.47563227797106,Cold,1736.61763907489,1954.0418236057642,173.52904398512695,36994.13890640743
2022-01-09,20.776750939647417,0.3577798117635531,816.2283361453539,16,27.7351580675816,40.44894846616767,6,1,Winter,20.418971127883864,Cold,2245.3850803571822,1796.0435065052013,465.3916597467723,16666.542829512666
2022-01-10,23.810222969662057,9.14889614448976,2562.986087571721,16,33.55767560453878,68.4125939136141,0,1,Winter,14.661326825172297,Moderate,816.2283361453539,1907.5692301629153,547.7959895011178,37576.77667825867
2022-01-11,23.890910039180177,-7.846554499544767,2008.8172061413463,18,19.732237218569857,64.32529821934034,1,1,Winter,31.737464538724943,Cold,2562.986087571721,1917.677974076109,549.1036755989169,63754.76484469149
2022-01-12,22.10444219769627,-5.104586633518774,2111.156924724685,16,29.308678522742262,52.12446967451309,2,1,Winter,27.209028831215043,Cold,2008.8172061413463,1938.2653001217882,553.9433110360234,57442.529632053236
2022-01-13,23.258104245316105,-3.4491990603909457,2274.4292012594487,20,26.82962684886381,64.25791410733355,3,1,Winter,26.70730330570705,Cold,2111.156924724685,1965.0886393249468,566.7254130037901,60743.87052539312
2022-01-14,23.890255722310528,24.051888195205187,1909.0637754204788,20,34.82321907448059,39.20211964435701,4,1,Winter,-0.16163247289465943,Moderate,2274.4292012594487,1989.7238016600309,558.8317742283479,-308.5666989348267
2022-01-15,24.05252875043003,-10.316211153684216,2212.73382293318,16,34.37473240501934,61.66949095898129,5,1,Winter,34.36873990411425,Cold,1909.0637754204788,1985.0593363137446,556.4734481278269,76048.87323742686
2022-01-16,21.66353468925853,1.1681472291614128,2184.3665210639915,20,29.470029025601693,37.15812407220411,6,1,Winter,20.495387460097117,Cold,2212.73382293318,2180.5076484449787,209.81473524732507,44769.438204070895
2022-01-17,18.06087556253117,-7.993310983041221,2523.103709239785,18,23.29863580113533,26.65201367206947,0,1,Winter,26.054186545572392,Cold,2184.3665210639915,2174.8101658261307,197.9008228378446,65737.41471435901
2022-01-18,24.980349052252368,7.760792080597447,1632.7624497763322,16,28.17468687521479,49.84081632232406,1,1,Winter,17.21955697165492,Moderate,2523.103709239785,2121.088057773986,283.1513210382685,28115.44602510241
2022-01-19,22.05542356209623,-7.012944328949393,2071.532542461182,20,29.32973018235179,55.71992496887415,2,1,Winter,29.068367891045625,Cold,1632.7624497763322,2115.4274317363424,283.77833089655496,60216.07004253473
2022-01-20,25.57717761957845,1.223488954203992,1463.3682161706286,18,31.55976294257746,57.89358672281387,3,1,Winter,24.353688665374456,Cold,2071.532542461182,1999.561576723654,362.6536984292666,35638.413939423874
2022-01-21,24.67676638586647,1.2848309938613145,1979.6739297816591,16,27.013396095422998,72.03546800170145,4,1,Winter,23.391935392005152,Cold,1463.3682161706286,2009.6487416323941,360.69369278642796,46308.404662689514
2022-01-22,22.5482456482523,-4.629531677436052,2513.387582344292,20,23.500183225001702,68.65356995580694,5,1,Winter,27.177777325688353,Cold,1979.6739297816591,2052.5992786911243,404.1855326981342,68308.28804610336
2022-01-23,20.47810940009932,-3.0978827246353866,2126.54958097796,16,30.23257811286252,62.50194724510666,6,1,Winter,23.575992124734707,Cold,2513.387582344292,2044.3397158216915,401.6267270839622,50135.51617399428
2022-01-24,23.7855911961642,10.275861863546162,1834.463485334761,16,29.224288867162105,50.825021704702486,0,1,Winter,13.50972933261804,Moderate,2126.54958097796,1945.9625409781163,345.1837091722298,24783.105157443744
2022-01-25,23.720852723898147,-1.760309978090458,1882.3065522437155,20,35.99842470242932,30.33449639063962,1,1,Winter,25.481162701988605,Cold,1834.463485334761,1981.6116984734567,319.3672152944127,47963.35951274133
2022-01-26,23.5870877666492,1.3841584993698035,3120.188465476226,16,22.320636240766238,68.43814700828355,2,1,Winter,22.202929267279398,Cold,1882.3065522437155,2131.419687475606,539.0032112493062,69277.32379954969
2022-01-27,19.22621384005676,-5.271645267943798,2165.3957544878517,16,24.26727534935678,40.44187679318129,3,1,Winter,24.49785910800056,Cold,3120.188465476226,2231.709335806638,452.3277352213267,53047.56010650597
2022-01-28,23.97030969543883,-14.481941503997993,1903.579743758804,20,19.346236467114583,59.2541624963431,4,1,Winter,38.45225119943682,Cold,2165.3957544878517,2220.838737803373,460.2394801049032,73196.92648517311
2022-01-29,20.348533237910924,-10.109862118987031,1841.6471786395991,20,34.225391586757766,50.81990780037843,5,1,Winter,30.458395356897956,Cold,1903.579743758804,2124.8758229884165,459.1044759898952,56093.61787492059
2022-01-30,21.269733392764632,-27.982425108665943,1973.2875801247944,16,29.90294578810869,50.8690853635125,6,1,Winter,49.25215850143057,Cold,1841.6471786395991,2102.9812514379646,462.6521564683279,97188.67266521076
2022-01-31,24.70013880243581,-6.210436134986917,2323.3551547071424,16,31.20015790500392,54.74354404646323,0,1,Winter,30.910574937422727,Cold,1973.2875801247944,2172.822918491162,452.1430386946916,71816.2436158225
2022-02-01,22.529031600632518,-4.85463388517149,1431.0028236429696,18,32.62558345953963,36.67392531648144,1,2,Winter,27.38366548580401,Cold,2323.3551547071424,2108.350957262484,526.5296481381131,39186.102631880065
2022-02-02,21.73456260282161,-12.772083816120908,1755.5439732201514,18,28.340692465172417,46.95964772634122,2,2,Winter,34.50664641894252,Cold,1431.0028236429696,1913.4017440830446,288.1035916519568,60577.93515681327
2022-02-03,19.66292678989898,-0.2060623109500863,1882.8048471035715,20,27.65824931579876,47.26434900255359,3,2,Winter,19.868989100849063,Cold,1755.5439732201514,1873.031614456719,265.8473980811469,37409.42898612665
2022-02-04,22.43948246310082,16.938100413919276,2022.2630119185264,20,28.8939805435414,51.72161292788656,4,2,Winter,5.501382049181544,Moderate,1882.8048471035715,1889.9863670509653,271.83745472092846,11125.241432492383
2022-02-05,21.53224013147241,-3.726599336193578,1304.3498667934252,20,26.1186812799898,51.71826009490692,5,2,Winter,25.258839467665986,Cold,2022.2630119185264,1813.2296082157975,351.8441520153457,32946.36389500664
2022-02-06,20.20236029388445,25.051493999431948,1317.633392385365,20,29.46236977617373,43.26016423843775,6,2,Winter,-4.849133705547498,Hot,1304.3498667934252,1719.5647242530215,387.5889414495481,-6389.380494570765
2022-02-07,22.78573715842701,2.7755025630132764,1554.5554446467197,16,22.304423220426315,63.14940518880734,0,2,Winter,20.010234595413735,Cold,1317.633392385365,1609.7361942443897,282.71898934722765,31107.01913895857
2022-02-08,23.579671055873717,10.299724325211804,1418.9604747244312,16,34.2834404581328,43.01974368026982,1,2,Winter,13.279946730661914,Moderate,1554.5554446467197,1608.0158586845987,284.02147868774887,18843.719517255187
2022-02-09,21.97415743874951,-15.364592712247957,1435.424970024439,16,26.449382277637408,47.065742326033,2,2,Winter,37.33875015099747,Cold,1418.9604747244312,1562.2845725137827,282.07351839017696,53596.97431624556
2022-02-10,20.315929328933347,-16.669551587790313,1970.3583420025493,16,28.46279426181558,56.317630011497535,3,2,Winter,36.98548091672366,Cold,1435.424970024439,1574.792214642208,300.0246339337403,72874.65085724255
2022-02-11,23.417558424757804,-8.22452790706474,1908.879958225115,16,37.14327192277921,47.67018903240377,4,2,Winter,31.642086331822544,Cold,1970.3583420025493,1558.5946355431493,273.750695834419,60400.9444352449
2022-02-12,22.659755178287035,-4.094204360614333,1432.3091044630778,16,29.050351759389013,59.10172676613776,5,2,Winter,26.75395953890137,Cold,1908.879958225115,1576.874526638814,257.74833100438013,38319.93982800524
2022-02-13,21.852934362110144,-0.4323424733964902,1218.7298096720897,16,22.64911071931563,36.1624215657247,6,2,Winter,22.285276835506632,Cold,1432.3091044630778,1562.7454433940602,276.3661425422384,27159.73119622683
2022-02-14,20.25786173067389,-4.985532283957729,1653.5364665986822,18,28.34567186506157,46.87011003365778,0,2,Winter,25.24339401463162,Cold,1218.7298096720897,1576.885589387198,278.4019265307417,41740.872543912286
2022-02-15,23.621492948105782,-9.324739852498292,2467.753161911781,16,26.96486818520979,26.004190859480847,1,2,Winter,32.94623280060407,Cold,1653.5364665986822,1726.7131161282475,423.59817274656785,81303.17016677232
2022-02-16,19.27977666169569,-4.771544592411162,1263.3415542373004,16,34.95240067653981,45.76266655559905,2,2,Winter,24.051321254106853,Cold,2467.753161911781,1702.1297710157994,447.63201144757744,30385.03357462397
2022-02-17,20.95055615836438,-3.839518856051912,2038.159565136439,18,32.6223209517741,52.33022825069606,3,2,Winter,24.79007501441629,Cold,1263.3415542373004,1711.8156600349264,455.07494751893245,50526.1285110824
2022-02-18,22.91162931346698,4.786071262891328,2250.5288945758966,18,33.7057309657979,56.03417142577685,4,2,Winter,18.125558050575655,Cold,2038.159565136439,1760.6226509421808,496.1958622148133,40792.092123133276
2022-02-19,18.692240576206164,31.22689794597811,2009.915059043662,16,31.937313810253407,59.52822548365503,5,2,Winter,-12.534657369771946,Hot,2250.5288945758966,1843.1377873108358,480.27035578938904,-25193.596607457253
2022-02-20,24.100603114175108,-5.9362097551812605,2250.0822076587856,18,40.66867462980857,53.75659360090827,6,2,Winter,30.036812869356368,Cold,2009.915059043662,1990.473844166078,409.8212478358219,67585.2982121152
2022-02-21,18.45941517175008,6.247501409794761,952.8064077174098,16,39.94305194145109,53.07878204905168,0,2,Winter,12.21191376195532,Moderate,2250.0822076587856,1890.369550040182,562.8501214670904,11635.589682883448
2022-02-22,19.33884217071376,7.8412160474047425,2133.728339189159,16,20.22896171966726,36.35715148767196,1,2,Winter,11.497626123309018,Moderate,952.8064077174098,1842.6517182226646,518.1239041158847,24532.810692706043
2022-02-23,21.573062320249925,12.444477988206824,1930.8469273763728,16,31.777889642380693,63.29431207086812,2,2,Winter,9.1285843320431,Moderate,2133.728339189159,1938.0096286711034,450.7845921877005,17625.899008821518
2022-02-24,22.38271092101414,-3.2294753388421045,2056.156690134013,20,28.146944297719443,46.50124498754565,3,2,Winter,25.612186259856244,Cold,1930.8469273763728,1940.5806465279,451.5017421065613,52662.66812716186
2022-02-25,24.154264913518304,-13.375235061449784,1770.865174073595,16,28.22185167031565,36.11058572185616,4,2,Winter,37.52949997496809,Cold,2056.156690134013,1872.0572578847139,432.62573901235316,66459.68450606684
2022-02-26,24.06884809414428,-3.109953142050468,2108.078113504881,16,26.64648418139348,50.50034100223039,5,2,Winter,27.178801236194747,Cold,1770.865174073595,1886.0805513791736,439.37734010001424,57295.03603732155
2022-02-27,24.01768981475752,12.324067285900847,1570.2174868149718,18,41.46502301904062,59.59198439020925,6,2,Winter,11.693622528856674,Moderate,2108.078113504881,1788.9570198300573,420.2293201490833,18361.53057902426
2022-02-28,22.55384355434228,2.4563360525188878,1616.2861149923028,16,32.96907058164078,49.66638685234084,0,2,Winter,20.09750750182339,Cold,1570.2174868149718,1883.739835155042,233.57261888343106,32483.32232115079
2022-03-01,20.889338144675254,10.844853225837474,1745.336217446039,18,28.313116424870717,37.772187633876925,1,3,Spring,10.04448491883778,Moderate,1616.2861149923028,1828.2552463345967,209.1445041998848,17531.003314438116
2022-03-02,25.21905105788396,0.844294077325288,1963.5106409077964,16,33.46123179393418,53.63650411293288,2,3,Spring,24.374756980558672,Cold,1745.336217446039,1832.9214911248,212.1576040279072,47860.09470086854
2022-03-03,21.272805461173,-17.795613431048828,2270.71439181012,20,32.19626727985476,56.07859474180357,3,3,Spring,39.06841889222183,Cold,1963.5106409077964,1863.5725913642439,259.9093860924541,88713.22104383449
2022-03-04,24.23121745502414,-1.3239674937537318,1601.737506541876,18,36.35197181190143,50.582798561195176,4,3,Spring,25.55518494877787,Cold,2270.71439181012,1839.4114960025695,277.2465721439554,40932.69821907194
2022-03-05,21.39796834634065,-1.2461095108048283,1793.4628572846782,20,24.7418844505414,45.444534569383634,5,3,Spring,22.64407785714548,Cold,1601.737506541876,1794.4664593996833,250.660162513143,40611.31257425284
2022-03-06,19.70228454131702,2.8569380420938693,1588.2176021367266,18,32.45016896498868,55.86120326712319,6,3,Spring,16.84534649922315,Cold,1793.4628572846782,1797.0379044456483,248.05503607610197,26754.075824158495
2022-03-07,21.62641603666125,1.057517471045088,2069.64359069432,16,25.783129386545333,62.4565490974556,0,3,Spring,20.568898565616163,Cold,1588.2176021367266,1861.8032581173652,252.1469806373729,42570.28908396909
2022-03-08,24.564157770782995,8.721830837897432,1233.0714545459823,20,27.663665804644264,67.31348028168046,1,3,Spring,15.842326932885562,Moderate,2069.64359069432,1788.6225777030716,347.78341546268825,19534.72111452619
2022-03-09,21.67589563521541,-10.02820585675386,1584.7776949967213,20,36.309402158167394,85.26107747069585,2,3,Spring,31.704101491969272,Cold,1233.0714545459823,1734.5178711443464,345.4937266861205,50243.95288438517
2022-03-10,21.423309477492477,11.32242454806962,2373.913302136053,20,33.0910678138502,45.209301303045606,3,3,Spring,10.100884929422858,Moderate,1584.7776949967213,1749.2605726194797,373.2724359741102,23978.62509730251
2022-03-11,23.85293215814221,9.92831471294922,1132.974476093966,18,32.68953918120955,60.64020748761733,4,3,Spring,13.92461744519299,Moderate,2373.913302136053,1682.2944254126355,440.1984613769668,15776.236154776425
2022-03-12,21.754406748415303,16.538644812443057,1626.3603563950985,18,33.00995820658044,60.14269780531002,5,3,Spring,5.215761935972246,Moderate,1132.974476093966,1658.4226395712667,437.68886915804137,8482.70844105981
2022-03-13,20.95534986420533,-13.232801122394452,1404.0919122417506,18,20.72932358995832,54.2697030063628,6,3,Spring,34.18815098659978,Cold,1626.3603563950985,1632.1189695862704,448.0218497850837,48003.306294784576
2022-03-14,17.884444281976116,1.3778748128327756,1897.757182761552,16,34.219115417295825,54.183900849417896,0,3,Spring,16.50656946914334,Cold,1404.0919122417506,1607.5637684530177,424.11803156932643,31325.46077281931
2022-03-15,20.046446276847544,1.2995194689743936,1108.4826639890284,18,23.10331068850705,68.21826759792694,1,3,Spring,18.74692680787315,Cold,1897.757182761552,1589.7653698020242,444.5740663656269,20780.643369598565
2022-03-16,21.447197963285536,-11.096728374769054,1672.4663443707384,18,25.447980473004776,46.58646301284521,2,3,Spring,32.54392633805459,Cold,1108.4826639890284,1602.292319712598,445.6442351408109,54428.62151407675
2022-03-17,26.79541317085391,8.059850251990488,1352.3841196206556,16,40.08037457510585,32.540879750949586,3,3,Spring,18.735562918863423,Moderate,1672.4663443707384,1456.3595793532556,291.42561111456234,25337.67776362451
2022-03-18,23.67869827238957,-4.934754381901778,1062.3795138211185,20,33.29082561762077,61.34678502921168,4,3,Spring,28.61345265429135,Cold,1352.3841196206556,1446.2745847428487,305.36964979447964,30398.345919609637
2022-03-19,21.065589560850025,3.997976921749656,1406.82258736594,20,27.3193280431272,36.58409407082574,5,3,Spring,17.067612639100368,Cold,1062.3795138211185,1414.912046310112,294.88530293444774,24011.1029730988
2022-03-20,20.696269100348477,-10.377049763465616,1930.43359476407,16,24.77966331906014,51.92141607881427,6,3,Spring,31.073318863814094,Cold,1406.82258736594,1490.103715241872,353.03751769520466,59984.97863552283
2022-03-21,20.71692113701541,-0.4043326716283344,1608.549308335757,16,30.828352930036647,40.60012300063112,0,3,Spring,21.121253808643747,Cold,1930.43359476407,1448.7883046096154,311.90602223931467,33974.57820507787
2022-03-22,22.727836904859387,15.484177620085417,1605.8084459225188,18,33.211925384126616,45.87371491281341,1,3,Spring,7.243659284773971,Moderate,1608.549308335757,1519.8348448858285,276.0514202698808,11631.929258875114
2022-03-23,22.238831778601504,-0.4340827591571825,1766.537747865559,18,27.338038523756676,57.19477868675141,2,3,Spring,22.672914537758686,Cold,1605.8084459225188,1533.2736168136598,286.8007622506219,40052.559385080516
2022-03-24,20.09264270594961,-5.567651199543739,1296.403757260045,20,29.651441758956803,58.58995472085429,3,3,Spring,25.66029390549335,Cold,1766.537747865559,1525.2764221907153,293.39015482305496,33266.101431478615
2022-03-25,18.603176292722853,7.093845004483441,2089.859139008684,20,30.581177974094796,51.64892782952895,4,3,Spring,11.509331288239412,Moderate,1296.403757260045,1672.059225788939,279.9197664834577,24052.881176605726
2022-03-26,22.752015768428365,5.924026662883268,2036.5322908262465,16,26.009425179502163,58.38306055001282,5,3,Spring,16.827989105545097,Moderate,2089.859139008684,1762.017754854697,281.6536987516624,34270.74320311487
2022-03-27,24.624009385403564,10.065233708411554,1250.207799862428,16,35.19259257499663,52.57653719433714,6,3,Spring,14.55877567699201,Moderate,2036.5322908262465,1664.8426412973197,327.4796055114319,18201.49490782281
2022-03-28,19.862415473548666,-9.1061428667395,1364.2886974603398,16,43.08510522307846,40.60926226576451,0,3,Spring,28.968558340288165,Cold,1250.207799862428,1629.9482683151175,346.91443832613646,39521.47672537561
2022-03-29,24.60738219391596,-12.623559362117746,1382.4400364097569,16,30.21674780311827,71.44611359930879,1,3,Spring,37.230941556033706,Cold,1364.2886974603398,1598.03849552758,359.5478001961024,51469.54420029277
2022-03-30,24.67926231853718,30.18811373145248,1596.56547214135,16,37.99978669168225,50.1717827628428,2,3,Spring,-5.508851412915298,Hot,1382.4400364097569,1573.7567418526928,351.93054963157186,-8795.241957017657
2022-03-31,22.64889160726584,5.355880596135076,1914.821947608635,18,34.461188617207874,56.46745846129888,3,3,Spring,17.293011011130762,Moderate,1596.56547214135,1662.1021976167772,348.3047109978149,33113.037024350975
2022-04-01,19.543738273884596,6.581308195507098,935.1952620968268,18,36.08076955710776,52.3158888973208,4,4,Spring,12.962430078377498,Moderate,1914.821947608635,1497.1502152007977,383.59062959900007,12122.403194560035
2022-04-02,22.940647973474697,1.4630970271373158,1690.713178597798,20,33.898260425578066,52.84051704624217,5,4,Spring,21.47755094633738,Cold,935.1952620968268,1447.747484882448,319.4526088090902,36312.37842897822
2022-04-03,24.07667036440275,4.708915829024949,1578.1583837185945,18,26.86801996031406,36.69720130367834,6,4,Spring,19.367754535377802,Cold,1690.713178597798,1494.5975682904716,309.54815964016353,30565.38419381031
2022-04-04,21.727864311951244,6.70444938157557,1941.9397046702088,16,23.32073829476144,29.141081702974773,0,4,Spring,15.023414930375674,Moderate,1578.1583837185945,1577.1191407490242,344.0896914411054,29174.565953031743
2022-04-05,19.90523149166196,16.12349048644503,1676.6711307848393,18,29.29604452597453,46.91023110580547,1,4,Spring,3.781741005216933,Moderate,1941.9397046702088,1619.1521542311789,334.172989142157,6340.735967552469
2022-04-06,24.113860974534468,1.9301599106219796,1391.9164052782617,16,36.04734898515876,48.49910667504759,2,4,Spring,22.183701063912487,Cold,1676.6711307848393,1589.9165732507377,345.24687134974977,30877.85744064862
2022-04-07,16.768954855216972,9.804312663921063,1489.217910967075,18,36.306451082403335,59.554500770975935,3,4,Spring,6.9646421912959084,Moderate,1391.9164052782617,1529.1159965876577,314.6087942460914,10371.869894754846
2022-04-08,21.56852045282775,-0.94267474939074,1472.9355459597373,18,23.724961240979383,42.08350493637069,4,4,Spring,22.51119520221849,Cold,1489.217910967075,1605.9360371395019,183.92812648051557,33157.53959538591
2022-04-09,21.67689407796675,14.48078118394297,664.2231855495911,16,17.69493230215982,30.808839939527484,5,4,Spring,7.196112894023781,Moderate,1472.9355459597373,1459.2946095611867,394.1419599214042,4779.825030042963
2022-04-10,19.601485975695816,10.66139111330731,1437.8701855259644,18,31.773746923360346,45.22239665721117,6,4,Spring,8.940094862388506,Moderate,664.2231855495911,1439.2534383908112,390.64181734875973,12854.695858402281
2022-04-11,24.87382204900721,14.46133164568505,1515.984562213092,18,25.34941684737502,43.26419769141694,0,4,Spring,10.41249040332216,Moderate,1437.8701855259644,1378.4027037540802,327.33282666768764,15785.174705628366
2022-04-12,22.115986735473754,20.804865475611464,1295.5066077072163,18,29.584052519404253,24.18279155552269,1,4,Spring,1.31112125986229,Moderate,1515.984562213092,1323.9506290287052,300.0092180718992,1698.5662556570069
2022-04-13,24.747067282294665,12.911211947733458,1294.6754536481624,16,30.541422079253675,36.949233479095255,2,4,Spring,11.835855334561208,Moderate,1295.5066077072163,1310.0590645101197,298.58556723537197,15323.591374587055
2022-04-14,23.244271117598,9.408096966305951,1773.3474039338528,20,28.062627475301063,37.63624693448658,3,4,Spring,13.836174151292049,Moderate,1294.6754536481624,1350.6489920768024,343.0076392275508,24536.343511570434
2022-04-15,22.75021070887612,16.291479205549834,1766.1498041381826,16,32.646816681381935,36.93493125079903,4,4,Spring,6.4587315033262875,Moderate,1773.3474039338528,1392.5367432451517,376.68074039081984,11407.087379580833
2022-04-16,25.073926874540152,9.1441059432204,1058.358313322807,18,33.651299777696494,40.41124876416551,5,4,Spring,15.929820931319753,Moderate,1766.1498041381826,1448.8417614984683,261.5253589446956,16859.45841240592
2022-04-17,20.411313008392263,19.86165729384508,1596.295701543757,16,28.619298491901095,49.25417528715587,6,4,Spring,0.5496557145471819,Moderate,1058.358313322807,1471.4739780724387,267.2108557528781,877.4130544606288
2022-04-18,19.13941265460837,8.988920404018634,1546.177321322551,20,37.256684566191325,45.79596581236138,0,4,Spring,10.150492250589737,Moderate,1596.295701543757,1475.7872293737896,268.29058159260654,15694.460918122153
2022-04-19,20.27159000903377,3.720671488303351,1405.9005985827223,20,21.91665265458857,58.43571081842299,1,4,Spring,16.55091852073042,Cold,1546.177321322551,1491.557799498862,259.01128658424204,23268.94625538876
2022-04-20,23.15431169967748,5.477078448362154,1602.7009526012116,16,26.522724930924102,57.00723272977737,2,4,Spring,17.677233251315325,Moderate,1405.9005985827223,1535.5614422064407,245.81733660086235,28331.318571236883
2022-04-21,23.99961168635536,-5.708612329548304,1432.0806303615598,18,31.57180959382501,64.17251246220582,3,4,Spring,29.708224015903667,Cold,1602.7009526012116,1486.8090459818272,223.63866679057827,42544.57217561775
2022-04-22,20.75772213065812,7.76759180711869,1151.3989024894463,16,30.491221228950767,60.8682162308064,4,4,Spring,12.99013032353943,Moderate,1432.0806303615598,1398.9874886034363,216.242858576052,14956.821797718176
2022-04-23,22.404865195441594,17.506762913031928,1458.8055580728555,16,27.41554722155444,40.537106959203264,5,4,Spring,4.898102282409667,Moderate,1151.3989024894463,1456.1942378534434,155.56752262563694,7145.378833588562
2022-04-24,20.09080348126188,-13.936683496006058,1609.192798992961,20,33.96746225589161,47.1985919423778,6,4,Spring,34.02748697726794,Cold,1458.8055580728555,1458.0366803461868,157.5668651702557,54756.787011646324
2022-04-25,20.83930911798077,-12.679107751796124,1164.9520298537298,20,35.09762984041391,50.34736069482005,0,4,Spring,33.51841686977689,Cold,1609.192798992961,1403.5759244220696,185.4417807153443,39047.34776993009
2022-04-26,20.86983724089848,18.71986313157833,1032.2741697703532,16,34.61414257362323,36.60715984619124,1,4,Spring,2.1499741093201514,Moderate,1164.9520298537298,1350.2007203060168,232.4683226469596,2219.362738726214
2022-04-27,23.92662727786206,11.955509398002429,998.0438167134948,18,31.377000957608104,54.59706315434539,2,4,Spring,11.971117879859632,Moderate,1032.2741697703532,1263.8211294649143,235.32856734339111,11947.700179142268
2022-04-28,24.095448936274902,13.656019387549568,1428.6508208680189,18,27.562499532264997,72.11503195034786,3,4,Spring,10.439429548725334,Moderate,998.0438167134948,1263.3311566801228,234.92307062103805,14914.2995941803
2022-04-29,21.07303966817745,26.846858750979607,1431.0366522746842,20,32.17503509158313,39.35428311732663,4,4,Spring,-5.773819082802156,Hot,1428.6508208680189,1303.2794066494425,236.4876175952403,-8262.546731092885
2022-04-30,23.6510648269993,25.394053604287286,1384.3052077712398,18,39.791061612579234,64.80018875890946,5,4,Spring,-1.7429887772879873,Hot,1431.0366522746842,1292.6364994634973,229.9065955312091,-2412.8284414865866
2022-05-01,22.616329477075407,-6.171409047204509,1105.3850965694244,20,46.52194631333157,42.77408910748628,6,5,Spring,28.787738524279916,Cold,1384.3052077712398,1220.6639705458492,189.62117440434824,31821.537128676493
2022-05-02,23.39685423377534,23.297450659457947,1620.213610809731,16,34.852998122010405,42.04627013981438,0,5,Spring,0.09940357431739244,Moderate,1105.3850965694244,1285.7013392538495,238.97845722121684,161.05502407217585
2022-05-03,22.96528875354444,25.3292259710692,1213.1560616809863,16,40.702514774653125,48.86451227624838,1,5,Spring,-2.363937217524761,Hot,1620.213610809731,1311.541609526797,215.64927860852055,-2867.8247648734477
2022-05-04,24.98669879401494,15.229779377991973,1239.3272879606543,18,31.26050439574456,43.25353658028545,2,5,Spring,9.756919416022969,Moderate,1213.1560616809863,1346.01067684782,172.06824911103803,12092.016478710397
2022-05-05,20.73712251679936,20.01384086683985,976.3328109009308,20,35.35628733744489,68.39434875217322,3,5,Spring,0.7232816499595103,Moderate,1239.3272879606543,1281.393818281093,215.34849910589497,706.1636063780318
2022-05-06,25.126078793401884,9.038569409800894,1393.8477073200963,18,26.336693294469598,57.69179636321282,4,5,Spring,16.087509383600988,Moderate,976.3328109009308,1276.0811118590088,211.4651988116256,22423.538070822775
2022-05-07,20.4557093607998,14.045574530239987,1096.3088875259807,18,28.82282195559058,42.55692729459065,5,5,Spring,6.410134830559814,Moderate,1393.8477073200963,1234.9387803954003,214.88831963310503,7027.487784982571
2022-05-08,26.136986237691094,29.030911438334943,1433.86377613378,16,24.22748698143513,48.57950393423178,6,5,Spring,-2.8939252006438494,Hot,1096.3088875259807,1281.8643060474515,217.7287692371028,-4149.4945160438965
2022-05-09,22.27674353616751,30.88202199208265,806.6185466431042,16,27.431965202612176,49.05232963844552,0,5,Spring,-8.60527845591514,Hot,1433.86377613378,1165.6364397379332,224.0724448222328,-6941.177201569486
2022-05-10,20.335962342974867,10.939805811078962,801.5577710959449,18,30.99438526514745,61.33904542612771,1,5,Spring,9.396156531895905,Moderate,806.6185466431042,1106.83668394007,260.5583897097952,7531.562286575085
2022-05-11,20.39755083327389,33.41331324814571,1237.5428388728442,16,32.716812331278554,54.70404834919721,2,5,Spring,-13.015762414871823,Hot,801.5577710959449,1106.5817626418116,260.4079909739273,-16107.563568994941
2022-05-12,20.502400928532374,17.769083091504527,1006.8729806377996,16,34.81398527439141,63.81775862493212,3,5,Spring,2.7333178370278475,Moderate,1237.5428388728442,1110.9446440327927,258.10777439516903,2752.103877598692
2022-05-13,19.645890223556496,18.92588328199008,1060.526556502771,16,29.97633634831136,30.38741948364377,4,5,Spring,0.7200069415664139,Moderate,1006.8729806377996,1063.327336773175,225.96228442582031,763.5864823975207
2022-05-14,20.688619290204795,-0.7390012676162065,1206.143255953473,16,25.782842178993448,70.5183384531205,5,5,Spring,21.427620557821,Cold,1060.526556502771,1079.0179608342453,232.35710956588804,25844.780026945795
2022-05-15,22.08443853460168,-3.2387718808361328,1145.4459618848512,16,27.834057738327825,68.2920129902892,6,5,Spring,25.323210415437813,Cold,1206.143255953473,1037.8154159415412,178.2098654879621,29006.369112323646
2022-05-16,19.27331599801652,20.663551665019448,796.2617589672917,16,30.96854055959861,64.89108368406559,0,5,Spring,-1.3902356670029263,Moderate,1145.4459618848512,1036.3358748449966,180.47778740270945,-1106.9914975868162
2022-05-17,22.977510266889887,15.50128306994596,1399.114760573356,20,27.965388940742628,53.733796808224206,1,5,Spring,7.476227196943928,Moderate,796.2617589672917,1121.7011590560553,191.88126978504673,10460.099824644216
2022-05-18,24.48480623214891,13.109205116224716,1257.289802616324,18,28.07732387091877,41.05601300969282,2,5,Spring,11.375601115924193,Moderate,1399.114760573356,1124.5221538765525,194.00163640341998,14302.427281682365
2022-05-19,20.663096735980726,20.920297302823464,1525.4150931099557,20,31.60578050449869,57.19894414434352,3,5,Spring,-0.2572005668427373,Moderate,1257.289802616324,1198.5995985154318,236.03719893874066,-392.3376266183475
2022-05-20,22.407922881139424,15.08976380773846,826.212749626407,20,19.665553381338373,45.8916434448138,4,5,Spring,7.318159073400963,Moderate,1525.4150931099557,1165.126197533094,272.6554223370213,6046.356330238049
2022-05-21,21.58092388199301,28.065227240242063,800.1534758110218,18,36.47904993201604,55.32868250214099,5,5,Spring,-6.484303358249054,Hot,826.212749626407,1107.127657512744,303.86996944608507,-5188.437870316062
2022-05-22,21.020056736480488,-1.3451373787745844,623.123988694355,18,38.03051939256244,52.60224119379116,6,5,Spring,22.365194115255072,Cold,800.1534758110218,1032.5102327712445,353.04359703425723,13936.288965021256
2022-05-23,20.76835599320649,14.113973700646255,1670.3188755635283,16,37.89603000602552,34.188361029895155,0,5,Spring,6.654382292560236,Moderate,623.123988694355,1157.3755351421355,406.13745738233786,11114.940348479067
2022-05-24,24.126623583499548,20.51754518627609,1201.1778368052471,20,36.74758755900462,44.21983911555852,1,5,Spring,3.609078397223456,Moderate,1670.3188755635283,1129.0988317466913,393.18561998298895,4335.144982037419
2022-05-25,21.0938537389439,20.90652304314149,1584.432920980132,16,28.29027073678548,34.52225754660587,2,5,Spring,0.1873306958024088,Moderate,1201.1778368052471,1175.833562941521,428.7922676298748,296.8129215394511
2022-05-26,20.072249620830807,21.26314763964152,1633.6408315962162,18,30.916509879455894,48.77476398945611,3,5,Spring,-1.1908980188107137,Moderate,1584.432920980132,1191.2943827252725,445.13740257634487,-1945.4996297962207
2022-05-27,22.045476520897022,13.427582557122244,1241.0286944299653,20,33.87762580392781,46.111316553475945,4,5,Spring,8.617893963774778,Moderate,1633.6408315962162,1250.553803411495,415.02831095975193,10695.053694599292
2022-05-28,24.302249010713197,19.610341046666896,1075.3226411146288,18,31.85354931627018,45.479145947964,5,5,Spring,4.691907964046301,Moderate,1241.0286944299653,1289.8636841691532,376.5013571134583,5045.314863765029
2022-05-29,23.08196041220057,22.26412702298617,1411.718335032626,18,31.28099719512872,55.63602307881777,6,5,Spring,0.8178333892143996,Moderate,1075.3226411146288,1402.5200193603348,235.2255006208341,1154.550390555842
2022-05-30,20.620824398304784,16.77560045222822,1194.1944937349824,16,21.299435263052995,54.841403368100245,0,5,Spring,3.8452239460765654,Moderate,1411.718335032626,1334.5022505276854,212.63607249573582,4591.9452635825355
2022-05-31,18.565206008059214,27.47111018192633,1193.9802735497665,20,35.63976579671691,65.69816515172778,1,5,Spring,-8.905904173867118,Hot,1194.1944937349824,1333.4740272054737,213.40424159148424,-10633.473901721869
2022-06-01,18.55821983657544,21.2202167136912,822.0883526717564,18,25.927684171512286,35.44130123110931,2,6,Summer,-2.6619968771157616,Moderate,1193.9802735497665,1224.5676603042775,254.54501450882867,-2188.3966275254566
2022-06-02,24.54751638949704,14.151024391917757,1126.6050945726968,18,29.2540214291527,55.12386916921475,3,6,Summer,10.396491997579284,Moderate,822.0883526717564,1152.1339835866318,179.94829286113213,11712.740850157095
2022-06-03,19.64887069276801,12.336963721710555,1179.0275740881816,20,19.513432449155992,38.98736122323046,4,6,Summer,7.311906971057455,Moderate,1126.6050945726968,1143.2766806806626,176.33309460250848,8620.939938044336
2022-06-04,20.34011586801014,20.608043258319384,1350.4827180415173,20,26.351598206536615,48.70144473382638,5,6,Summer,-0.26792739030924295,Moderate,1179.0275740881816,1182.5852630987897,188.88294407558794,-361.8313103025969
2022-06-05,24.22804305828887,-2.325026821536561,1763.7932799958064,16,24.71101733797397,48.38382573778944,6,6,Summer,26.55306987982543,Cold,1350.4827180415173,1232.8816838078153,283.32939724947977,46834.12621729515
2022-06-06,22.176345585174527,26.943497862353045,1237.8043099477725,16,33.807378214952266,50.30819694429493,0,6,Summer,-4.767152277178518,Hot,1763.7932799958064,1239.1116575524995,282.81593826989524,-5900.801634868907
2022-06-07,24.08774165148317,11.96078509644636,809.1286568248083,16,27.134181660285424,38.46891579518229,1,6,Summer,12.126956555036811,Moderate,1237.8043099477725,1184.1328551632198,327.00636786474524,9812.26806874974
2022-06-08,22.082405389643323,15.661736150520293,1283.2944916780184,18,28.07223486268924,62.59491238544173,2,6,Summer,6.420669239123031,Moderate,809.1286568248083,1250.0194464498288,285.7646163473765,8239.60946745308
2022-06-09,28.01200852475645,19.109489475101697,1039.2385703276489,20,27.45860510496769,49.66732234286489,3,6,Summer,8.902519049654753,Moderate,1283.2944916780184,1237.538514414822,293.8467728752872,9251.841169477864
2022-06-10,23.68014978306344,31.68885745416057,1032.5119249047796,16,27.956949573536946,36.2962417273692,4,6,Summer,-8.008707671097127,Hot,1039.2385703276489,1216.6077073886215,303.76011288080576,-8269.08617348417
2022-06-11,23.96564261688344,19.32201929387644,1218.5593128626106,20,21.54413324742483,41.00475520725475,5,6,Summer,4.643623323006999,Moderate,1032.5119249047796,1197.7615066487779,298.1096756716916,5658.5304456762005
2022-06-12,24.52985043896215,17.17489678578334,617.5562842718439,16,26.50661159578748,50.05570310593577,6,6,Summer,7.354953653178811,Moderate,1218.5593128626106,1034.0133644024975,245.54979990008,4542.0978490487305
2022-06-13,23.052473117755305,25.681849934633927,1099.63213865969,18,31.287094360991237,56.18064751368891,0,6,Summer,-2.6293768168786222,Hot,617.5562842718439,1014.2744827899143,231.59444988434203,-2891.347252486448
2022-06-14,22.04134446164757,32.85779258328994,1080.4088513812635,20,38.43541710096112,49.39110718117748,1,6,Summer,-10.816448121642374,Hot,1099.63213865969,1053.0287962979792,213.5382878990273,-11686.186291128663
2022-06-15,21.73516211700639,21.232726358924516,955.5665177175496,20,35.911474569781966,48.55390054952404,2,6,Summer,0.502435758081873,Moderate,1080.4088513812635,1006.2105143036266,189.17564455993647,480.1107877270726
2022-06-16,19.456337120801603,25.675275749419768,1097.7261748406952,20,29.658321078426727,44.68659668740355,3,6,Summer,-6.218938628618165,Hot,955.5665177175496,1014.5658863769189,192.1458321646315,-6826.691712362057
2022-06-17,19.99759088344192,14.980403750597024,709.3697415317775,20,25.26710003357488,49.73200426190952,4,6,Summer,5.017187132844896,Moderate,1097.7261748406952,968.4027173236329,223.39258574671845,3559.040739642744
2022-06-18,21.519525773473315,40.08736385107213,898.0044688429093,16,28.950246037932693,73.83523887930518,5,6,Summer,-18.567838077598818,Hot,709.3697415317775,922.6091681779615,194.5609293142008,-16674.001570435274
2022-06-19,20.09974597110112,20.676362934458567,996.06389050391,18,32.93486748619628,42.748168287228665,6,6,Summer,-0.576616963357445,Moderate,898.0044688429093,976.6816833539707,140.82803181182666,-574.3473358523671
2022-06-20,21.176458935058413,7.900696899363929,853.8143411236089,18,25.408585223387277,53.61853998331851,0,6,Summer,13.275762035694484,Moderate,996.06389050391,941.5648551345305,135.61123061990526,11335.036015420306
2022-06-21,21.048031483667003,4.815863962843265,859.8007715484422,18,27.546234870323406,53.39203241478674,1,6,Summer,16.232167520823737,Cold,853.8143411236089,910.0494151584134,123.01597768458312,13956.430158307812
2022-06-22,20.09935597509842,19.569632873019973,1153.551445083902,20,33.72816094245882,28.74721243237422,2,6,Summer,0.5297231020784459,Moderate,859.8007715484422,938.3329762107494,154.06670512368402,611.0628498969186
2022-06-23,21.764884209068715,23.541579527230454,1568.394511993396,20,33.97309879115027,47.16003673273882,3,6,Summer,-1.7766953181617389,Moderate,1153.551445083902,1005.5713100897066,283.53238794112633,-2786.5591864892317
2022-06-24,22.629593421673267,22.158373766713453,914.011905589977,18,35.2022048365263,38.12800727311442,4,6,Summer,0.471219654959814,Moderate,1568.394511993396,1034.8059049551637,257.23167723769944,430.700374781271
2022-06-25,22.133505028607065,13.213861623384332,1356.0509276504567,20,29.711874013053944,33.93560977512692,5,6,Summer,8.919643405222732,Moderate,914.011905589977,1100.2411133562418,274.32346504379217,12095.490713963565
2022-06-26,20.987395134272955,-9.451136585452623,1070.5592963507513,16,28.386023558483405,44.993528295019125,6,6,Summer,30.438531719725578,Cold,1356.0509276504567,1110.883314191505,271.033670193389,32586.253099819438
2022-06-27,22.016879614952384,6.241519104768505,1555.186683202401,18,19.779459909716675,26.598655352198847,0,6,Summer,15.775360510183878,Moderate,1070.5592963507513,1211.0793630599037,289.19479928742726,24533.630588155
2022-06-28,21.906921349939825,28.07140365379256,1087.247638113841,18,34.28960328482305,55.30618632535078,1,6,Summer,-6.164482303852736,Hot,1555.186683202401,1243.5717725692464,253.7548495852356,-6702.318825058457
2022-06-29,23.878301632448093,20.46256712358028,616.1759870254533,16,26.938887176530663,51.55718114053125,2,6,Summer,3.415734508867814,Moderate,1087.247638113841,1166.803849989468,348.9550489020026,2104.6935824185275
2022-06-30,18.74513420819373,30.837379606477924,1094.3595218251558,18,19.16458696596898,57.539283729677045,3,6,Summer,-12.092245398284195,Hot,616.1759870254533,1099.0845656797194,300.69075130651197,-13233.263891858733
2022-07-01,19.733333576018698,10.675369105243767,794.1774973420263,20,31.44570958267978,48.18165328126507,4,7,Summer,9.05796447077493,Moderate,1094.3595218251558,1081.9653645014407,316.0048863003979,7193.631554413026
2022-07-02,19.349872524917178,26.998944946308484,757.4184556822826,16,28.73074285907324,58.01176518035681,5,7,Summer,-7.649072421391306,Hot,794.1774973420263,996.4464399345587,310.42119877090386,-5793.548620812141
2022-07-03,20.071296857910536,23.55242104159545,825.089969641517,20,22.22558321662715,14.501140507236798,6,7,Summer,-3.4811241836849156,Moderate,757.4184556822826,961.379393261811,314.49174975052273,-2872.2406470349374
2022-07-04,23.99280434373093,31.586766322820377,909.7593373864756,18,34.08373570299855,49.24620838060561,0,7,Summer,-7.593961979089446,Hot,825.089969641517,869.1754867166788,175.10804944070645,-6908.677818234503
2022-07-05,21.310944369826583,35.051594065214026,1310.3762704036922,20,39.66240784616613,37.05106109999692,1,7,Summer,-13.740649695387443,Hot,909.7593373864756,901.051005615229,232.36727439166154,-18005.421300765425
2022-07-06,20.45346621538389,21.251091009022268,850.6235302476852,18,30.254950236251617,42.43655189370379,2,7,Summer,-0.7976247936383771,Moderate,1310.3762704036922,934.5435117898335,198.95737379134172,-678.4784177777577
2022-07-07,21.28367766075788,31.90172227428789,817.1677276917799,20,31.43563996969037,49.39793121968582,3,7,Summer,-10.61804461353001,Hot,850.6235302476852,894.9446840564941,189.1928764690177,-8676.72338936826
2022-07-08,20.87809270808052,24.66248535355409,1165.8057596302156,20,34.519804915481544,57.33750356656074,4,7,Summer,-3.78439264547357,Moderate,817.1677276917799,948.0344358119497,207.46313374996666,-4411.866742795317
2022-07-09,19.250193938518915,34.23110652006012,1312.876993562772,20,24.084061387222945,52.72534575861251,5,7,Summer,-14.980912581541208,Hot,1165.8057596302156,1027.3856555091625,227.64923266049027,-19668.095470880526
2022-07-10,22.07306371819502,25.68548436719569,750.1908514090734,20,32.63360261782223,46.83753208835692,6,7,Summer,-3.612420649000672,Hot,1312.876993562772,1016.6857814759562,240.15864289902225,-2710.0049223215315
2022-07-11,22.3328984327662,30.213646758530807,1165.4796554342263,18,37.66184490405927,57.72240918224984,0,7,Summer,-7.880748325764607,Hot,750.1908514090734,1053.2172554827778,240.63165311484948,-9184.85184327599
2022-07-12,19.159891323665978,31.653966496556272,1001.861193965327,20,26.764077697295303,61.93998258144218,1,7,Summer,-12.494075172890295,Hot,1165.4796554342263,1009.14367313444,212.26197506740374,-12517.32907020442
2022-07-13,21.75480156482775,20.15394619872061,1100.0022826517177,18,42.78768223096424,42.23100843230814,2,7,Summer,1.6008553661071403,Moderate,1001.861193965327,1044.7692091921588,201.89653944692722,1760.9445569131055
2022-07-14,19.03179531012491,20.667523478797374,803.0560573540921,20,34.63436417608343,35.78463920042512,3,7,Summer,-1.6357281686724647,Moderate,1100.0022826517177,1042.7532562867748,204.60027727717272,-1313.581414037139
2022-07-15,24.612249282357897,30.32465640100459,870.7696188236054,20,29.705284176700204,58.77866048459794,4,7,Summer,-5.712407118646691,Hot,803.0560573540921,1000.6052361715449,205.41377126421133,-4974.190569269229
2022-07-16,23.4615238534794,15.968446074720877,1377.130533569033,18,25.65431168851909,72.26196601366446,5,7,Summer,7.493077778758522,Moderate,870.7696188236054,1009.7843133152965,222.4248058204163,10318.946199535989
2022-07-17,20.11531015199825,27.22024796572564,1173.6188420041003,16,33.87231698946077,47.36333014861957,6,7,Summer,-7.104937813727389,Hot,1377.130533569033,1070.274026257443,196.07681963495875,-8338.488889457882
2022-07-18,20.43923186047577,12.06640833085778,904.0630515542388,16,27.573839065666228,34.55129054068941,0,7,Summer,8.372823529617989,Moderate,1173.6188420041003,1032.9287971317306,199.7815592526995,7569.560390311572
2022-07-19,22.77569722503371,29.981360643834677,750.1389845140978,18,23.53758217100507,50.762308973239634,1,7,Summer,-7.205663418800967,Hot,904.0630515542388,996.9684814958408,227.09355654811088,-5405.24903972974
2022-07-20,20.932956425254456,29.04600614268451,1080.2547341538434,18,30.994946830798035,45.6017840643942,2,7,Summer,-8.113049717430055,Hot,750.1389845140978,994.1474031390015,225.7187877550058,-8764.160365679318
2022-07-21,23.27304932392108,17.94335161233937,820.0518185143626,16,30.034411221353096,52.16358505073492,3,7,Summer,5.329697711581709,Moderate,1080.2547341538434,996.5753690190403,223.4002133307101,4370.628300514417
2022-07-22,22.04889977269985,13.124239081371512,1078.479618297941,18,21.027018909292973,47.731447938261695,4,7,Summer,8.92466069132834,Moderate,820.0518185143626,1026.2482260868023,217.62498402795188,9625.064655822425
2022-07-23,22.02282989820526,20.54154383887681,1096.5827521079634,16,39.42136235288339,52.147980391770666,5,7,Summer,1.4812860593284505,Moderate,1078.479618297941,986.1699715923639,160.5970571037536,1624.3527435975523
2022-07-24,22.421554905710185,18.321832446557806,1156.5719241293095,18,23.24282271580296,47.076336797421206,6,7,Summer,4.099722459152378,Moderate,1096.5827521079634,983.7346976102509,157.37784733802786,4741.623892978011
2022-07-25,23.824683868972794,25.68472250832542,757.8864773249414,20,21.50822483250541,41.19129992350784,0,7,Summer,-1.8600386393526271,Hot,1156.5719241293095,962.8523298632084,178.05151662661092,-1409.6981320672398
2022-07-26,24.800938932891707,34.41728349681418,1289.1076064503802,18,30.40287828444316,51.78228738938628,1,7,Summer,-9.616344563922471,Hot,757.8864773249414,1039.8478472826775,187.04341106221722,-12396.502923600223
2022-07-27,22.622700680183176,17.625434778509344,1271.4014833158294,18,32.80926126630415,54.882669865364406,2,7,Summer,4.997265901673831,Moderate,1289.1076064503802,1067.1545257343896,206.83174029785462,6353.531279911725
2022-07-28,23.409953933804573,44.65851910314514,949.1697009065427,20,33.98176435265468,38.65295147152656,3,7,Summer,-21.248565169340566,Hot,1271.4014833158294,1085.599937504701,185.8113968671782,-20168.494246476166
2022-07-29,21.85080681736052,5.0135036262305945,1163.9618469355737,18,35.38770146787829,41.242691049957045,4,7,Summer,16.837303191129926,Moderate,949.1697009065427,1097.8116844529343,188.0608296065151,19597.97851976182
2022-07-30,21.3839023861352,32.75378465028027,1080.4363876309878,20,24.259793412184926,59.43159124598921,5,7,Summer,-11.369882264145065,Hot,1163.9618469355737,1095.5050609562236,188.17739895950908,-12284.434521262532
2022-07-31,20.34275371018665,14.47528598227346,894.6933737162542,20,33.13321106811429,54.21554381198332,6,7,Summer,5.867467727913189,Moderate,1080.4363876309878,1058.0938394686443,199.69283761860007,5249.584496657895
2022-08-01,18.161761992888167,11.554711073072298,904.9890436210284,16,28.62631521180384,40.25624281087983,0,8,Summer,6.607050919815869,Moderate,894.6933737162542,1079.1084917966566,168.0717531869452,5979.308693079599
2022-08-02,20.1396813436447,11.290139628991954,1058.341224363876,20,34.034987548333696,56.10829834374716,1,8,Summer,8.849541714652746,Moderate,904.9890436210284,1046.141865784299,140.3642568122947,9365.834813344783
2022-08-03,22.91160489824371,21.24435341392756,1221.6569509620467,18,21.75626013496656,60.93616873196828,2,8,Summer,1.6672514843161501,Moderate,1058.341224363876,1039.035504019473,127.75164365190477,2036.8093648166146
2022-08-04,19.548288602528583,13.7659553216965,1148.5727210268,18,29.969172539032236,43.95060003391228,3,8,Summer,5.782333280832082,Moderate,1221.6569509620467,1067.5216497509382,126.59990164867018,6641.430270249129
2022-08-05,25.90644957297898,30.20251897657905,1557.849471470328,20,36.14914816453464,51.730892238368256,4,8,Summer,-4.296069403600072,Hot,1148.5727210268,1123.79131039876,225.50755668707285,-6692.629449798219
2022-08-06,19.216569736075726,13.827319342562504,1296.108191512644,20,30.08489677186537,50.24774744510315,5,8,Summer,5.3892503935132225,Moderate,1557.849471470328,1154.6015680961395,233.19895049463824,6985.051581145228
2022-08-07,21.56749766754146,7.363870002069454,873.9507507539541,16,29.09050210600764,52.289047641327954,6,8,Summer,14.203627665472006,Moderate,1296.108191512644,1151.6383362443826,237.15032139931063,12413.271061668893
2022-08-08,19.20635996488526,12.603723954232048,1262.329121881284,16,22.08019259223511,54.31938996794965,0,8,Summer,6.60263601065321,Moderate,873.9507507539541,1202.6869188529906,212.3740888180007,8334.69971742961
2022-08-09,19.766324136765636,19.75802678950668,875.3773686934028,20,32.81801719085784,39.61502191834166,1,8,Summer,0.008297347258956478,Moderate,1262.329121881284,1176.54922518578,242.2567957437234,7.26331001068074
2022-08-10,24.666125701069333,21.340841315114663,1271.436932171221,20,29.3181653358626,52.35866734131167,2,8,Summer,3.325284385954671,Moderate,875.3773686934028,1183.6606510728047,244.52167384144028,4227.889378275069
2022-08-11,22.65776869872044,14.326953635063813,1070.7479915349215,18,34.819867811990186,46.61187090400716,3,8,Summer,8.330815063656626,Moderate,1271.436932171221,1172.5428325739651,248.1256262800193,8920.203497259203
2022-08-12,21.81991204893715,22.357039731142265,1004.0847585608828,16,36.68706753246325,49.45005109798472,4,8,Summer,-0.5371276822051136,Moderate,1070.7479915349215,1093.4335878726158,185.07069236878579,-539.3217191032882
2022-08-13,25.243632115057707,38.2344501258312,1306.6741510561376,20,42.32921803554217,66.0667752266125,5,8,Summer,-12.990818010773495,Hot,1004.0847585608828,1094.9430106645434,187.03188737449733,-16974.76609575224
2022-08-14,21.228751042695706,18.419990915064204,1167.5581528706184,16,22.86676165907533,57.64872271429618,6,8,Summer,2.8087601276315013,Moderate,1306.6741510561376,1136.8869252526383,160.2112654744796,3279.390786474078
2022-08-15,22.0691730042107,38.958234917389625,1107.6437377991945,20,37.362876206048256,42.369087027652725,0,8,Summer,-16.889061913178924,Hot,1167.5581528706184,1114.7890132409113,150.39231630421173,-18707.06366543552
2022-08-16,23.3248967216178,17.10537162260757,827.8612283038345,16,33.92285945247748,36.688937000826144,1,8,Summer,6.21952509901023,Moderate,1107.6437377991945,1108.0009931852587,163.5003417581034,5148.903687933137
2022-08-17,22.14770904162889,17.062558468764387,1006.7159864897604,18,29.743617971271824,61.93448538464892,2,8,Summer,5.085150572864503,Moderate,827.8612283038345,1070.1837152307642,149.4046470584562,5119.302375410259
2022-08-18,24.741060735777896,24.046913422745934,1175.140474764956,20,21.82341552336677,34.3072448586863,3,8,Summer,0.6941473130319622,Moderate,1006.7159864897604,1085.0969271207691,154.5904627922912,815.7206029931986
2022-08-19,21.02600370470823,30.542334198647225,1175.0945519394425,20,34.656579362198286,53.29106263165431,4,8,Summer,-9.516330493938995,Hot,1175.140474764956,1109.5268976034206,153.16010355820106,-11182.588117882897
2022-08-20,21.205987449308637,33.234111871418854,1239.9761828344822,18,30.679877722669943,52.339364504520326,5,8,Summer,-12.028124422110217,Hot,1175.0945519394425,1099.9986164288985,140.39382904892523,-14914.587807586438
2022-08-21,21.189628657690747,23.91388690839374,897.7050526834543,18,31.024587807600174,29.66271976648099,6,8,Summer,-2.7242582507029915,Moderate,1239.9761828344822,1061.4481735450177,155.03655582524277,-2445.580396470664
2022-08-22,22.126862769949717,20.01984140904423,1110.495778308173,16,34.21976412441928,55.76090639639646,0,8,Summer,2.107021360905488,Moderate,897.7050526834543,1061.8556079034431,155.18187029518387,2339.8383260906858
2022-08-23,23.54851518917604,21.555641070920323,879.1688951896615,18,29.827030171541534,37.95014429280437,1,8,Summer,1.9928741182557168,Moderate,1110.495778308173,1069.1852746014185,143.02300189742547,1752.0729367989493
2022-08-24,19.565418454451876,38.61811225036492,876.026592189607,18,26.50929703380534,51.586065593665765,2,8,Summer,-19.052693795913047,Hot,879.1688951896615,1050.5153611299681,160.0527930513218,-16690.66641806577
2022-08-25,22.718213255474577,25.65046380993029,1052.832271763614,16,32.05318677885764,40.33284982828644,3,8,Summer,-2.932250554455713,Hot,876.026592189607,1033.042760701205,150.5757207893112,-3087.168012627725
2022-08-26,23.11722410311491,25.09045896810641,1198.303909299161,16,34.90557395395743,57.625125994214734,4,8,Summer,-1.9732348649915004,Hot,1052.832271763614,1036.3583831811648,154.43114351399473,-2364.535052684717
2022-08-27,22.675413056355804,14.108958933945887,1358.3816063778345,16,27.578464539306097,62.03675873537071,5,8,Summer,8.566454122409917,Moderate,1198.303909299161,1053.273443687358,184.08774246766885,11636.513711761205
2022-08-28,21.11571278441167,11.05864791439178,1003.0897473496374,16,37.25655471672995,48.4640428656002,6,8,Summer,10.05706487001989,Moderate,1358.3816063778345,1068.3284000682413,173.23399333378424,10088.138659547165
2022-08-29,22.03448933583811,44.46616350869273,1048.354210235022,18,31.02430835072922,61.99104525567602,0,8,Summer,-22.43167417285462,Hot,1003.0897473496374,1059.4510332006482,172.30270149389648,-23516.340061732346
2022-08-30,25.71101810149172,34.95309263852182,1369.0106737190808,16,37.98597039760767,57.20156198966211,1,8,Summer,-9.242074537030096,Hot,1048.354210235022,1129.4284301334224,185.8211482556315,-12652.498688501533
2022-08-31,23.00800253838562,35.31382587164639,1251.354711859286,20,35.26039508656978,60.43963256588802,2,8,Summer,-12.305823333260765,Hot,1369.0106737190808,1183.0467329433764,151.49591015541188,-15398.950011383802
2022-09-01,21.36852126107586,10.637630896448938,974.4783492958384,18,35.11749126725465,49.80413611165985,3,9,Fall,10.730890364626921,Moderate,1251.354711859286,1171.8533154479799,165.0121113501101,10457.02032899626
2022-09-02,22.884593979402727,-4.686847022907713,908.5285085732304,20,30.35494932845458,68.84464798719512,4,9,Fall,27.57144100231044,Cold,974.4783492958384,1130.45682962999,191.4935238623479,25049.440173043917
2022-09-03,22.00115189982452,32.442018064145174,1378.5811000487763,16,29.08259388552812,52.09433322053224,5,9,Fall,-10.440866164320653,Hot,908.5285085732304,1133.3424715829817,195.60857142784405,-14393.580762271213
2022-09-04,24.568914055608943,21.89833249777648,1279.507107840206,16,24.80845651483229,48.482868365177694,6,9,Fall,2.670581557832463,Moderate,1378.5811000487763,1172.830665938777,192.81225132404631,3417.0280853136064
2022-09-05,23.24226541549992,24.09836764571195,1077.8839494435874,16,29.881745904474872,39.68957815837484,0,9,Fall,-0.8561022302120307,Moderate,1279.507107840206,1177.0492001114292,189.93652637068496,-922.778853028407
2022-09-06,29.5245858730583,25.90893014998504,1004.8865098827914,16,40.043338995755725,40.24840800892254,1,9,Fall,3.61565572307326,Hot,1077.8839494435874,1125.031462420531,178.09415750025715,3633.3236604968292
2022-09-07,23.1334283281898,13.412073937038343,1423.8933253296327,18,30.763192653822763,65.10953553764622,2,9,Fall,9.721354391151458,Moderate,1004.8865098827914,1149.6798357734374,207.931570155697,13842.171630724477
2022-09-08,22.420001429779504,18.99012892845776,1344.515686492762,16,29.445707061804512,31.02754674864661,3,9,Fall,3.429872501321743,Moderate,1423.8933253296327,1202.5423125158552,202.9439926575167,4611.51738069725
2022-09-09,25.106129302215464,17.632930832741778,875.8728392550197,20,31.98098947356504,37.93942927615811,4,9,Fall,7.473198469473687,Moderate,1344.515686492762,1197.8772168989678,211.0426777402072,6545.571561774185
2022-09-10,19.189242940896225,7.008779310059847,1161.2032688060742,16,20.269125663288577,38.36457009082992,5,9,Fall,12.180463630836378,Moderate,875.8728392550197,1166.8232410071535,195.4374197021545,14143.994183700706
2022-09-11,20.202596878528247,13.83993088080216,1362.1169263475977,16,29.204752887227915,60.8258612557923,6,9,Fall,6.362665997726086,Moderate,1161.2032688060742,1178.6246436510664,205.6055155217849,8666.695052199027
2022-09-12,19.360600215105325,34.45535742973144,1490.614021004733,20,29.03803711482688,35.781947630226185,0,9,Fall,-15.094757214626117,Hot,1362.1169263475977,1237.5860824455158,229.6719738151989,-22500.456747784043
2022-09-13,21.74095085121281,9.19498409528589,1587.6638559777966,20,28.614337355024688,54.1178134959707,1,9,Fall,12.54596675592692,Moderate,1490.614021004733,1320.8399890305166,236.77772947633568,19918.777956684182
2022-09-14,20.86307491100008,20.89194930792832,932.714841275411,20,28.021366064966163,52.41644148332438,2,9,Fall,-0.028874396928241453,Moderate,1587.6638559777966,1250.671634165628,271.39703789904115,-26.93157854784794
2022-09-15,22.71498232063789,21.37045303978285,1213.7116231598018,18,24.100311938423324,36.26566259270376,3,9,Fall,1.344529280855042,Moderate,932.714841275411,1231.9853394037764,268.34468072956923,1631.870815852454
2022-09-16,21.41715359251833,3.2891698667658567,1324.1968408812083,20,24.70735572390428,49.37916479413488,4,9,Fall,18.127983725752472,Cold,1213.7116231598018,1296.0316253503747,217.95510512212422,24005.01878118738
2022-09-17,24.51046242968952,15.220111132593193,1227.802594884691,16,29.692600897307027,50.633155416183975,5,9,Fall,9.29035129709633,Moderate,1324.1968408812083,1305.545814790177,212.47330944448544,11406.717429965227
2022-09-18,23.577081768946137,22.577811935867853,815.43537740678,16,28.970245888240235,48.747969242250726,6,9,Fall,0.9992698330782837,Moderate,1227.802594884691,1227.4484506557746,278.4429940262652,814.8399734674003
2022-09-19,25.17555679628846,10.006076973380848,872.4820260006518,18,31.223470959124523,61.677899849343774,0,9,Fall,15.169479822907613,Moderate,815.43537740678,1139.143879940906,279.0890450152818,13235.098489266442
2022-09-20,22.34129011881561,27.615799325535225,1172.454149490826,16,33.38727451906558,28.40844977835516,1,9,Fall,-5.274509206719614,Hot,872.4820260006518,1079.8282075856243,201.10326225179824,-6184.1202059459765
2022-09-21,21.059383769851408,28.22770621204037,831.8925206378859,18,24.69492881863492,54.67527412920336,2,9,Fall,-7.168322442188963,Hot,1172.454149490826,1065.425018923121,216.4227082738329,-5963.273825177703
2022-09-22,22.84973892540086,20.196575108916424,925.7620075624186,18,30.48208614873349,41.27543246273485,3,9,Fall,2.6531638164844367,Moderate,831.8925206378859,1024.289359552066,210.8334944857896,2456.1982611406006
2022-09-23,23.716721552448345,20.131161732176828,1414.3055289098718,18,39.59260713060797,57.57558918331806,4,9,Fall,3.5855598202715164,Moderate,925.7620075624186,1037.1620292704465,233.7066359085446,5071.077078047092
2022-09-24,21.78180790893513,26.10857629754328,1486.1507233420264,16,27.81812393478991,40.44193752202899,5,9,Fall,-4.326768388608151,Hot,1414.3055289098718,1074.0689047643514,283.85000438654794,-6430.229970463418
2022-09-25,21.14586643630123,18.52519655703652,1200.299196573729,20,29.6289483782588,47.10161533642428,6,9,Fall,2.6206698792647103,Moderate,1486.1507233420264,1129.0494503596299,261.82300391697163,3145.587950566403
2022-09-26,19.98373436709756,35.11052754315035,1239.2733107498575,18,23.037555156709203,59.80476672323796,0,9,Fall,-15.126793176052786,Hot,1200.299196573729,1181.4482053238023,237.49061798493446,-18746.231060315287
2022-09-27,20.958921284185912,25.172592366920757,1066.5668446683555,18,34.501975199402615,39.40277645023132,1,9,Fall,-4.2136710827348445,Hot,1239.2733107498575,1166.3214474920208,241.4973651179266,-4494.161871182796
2022-09-28,24.18959992373182,31.81321772889916,1204.7607259215763,18,21.48246503492851,51.34307247446252,2,9,Fall,-7.623617805167342,Hot,1066.5668446683555,1219.5883339611194,191.35447334027364,-9184.635321102061
2022-09-29,25.26069984265318,16.547589913232578,828.1220056764673,20,24.924955028529865,42.66171475389652,3,9,Fall,8.713109929420604,Moderate,1204.7607259215763,1205.6397622631264,218.0402273025223,7215.518070431333
2022-09-30,23.355147510513792,10.789303271731258,1021.402184679919,16,27.74121278167185,51.36331987303822,4,9,Fall,12.565844238782534,Moderate,828.1220056764673,1149.5107130874187,205.5877898557712,12834.780757840053
2022-10-01,23.84786890920551,38.73391858942637,1413.587517575798,16,32.65096937202332,36.02366283828937,5,10,Fall,-14.886049680220857,Hot,1021.402184679919,1139.1445408351005,186.75112471821186,-21042.734013973404
2022-10-02,21.186162808111643,7.229487884157001,1364.9301323716506,16,23.16276247928257,42.56792274495553,6,10,Fall,13.956674923954642,Moderate,1413.587517575798,1162.663245949089,205.192279945921,19049.886151421506
2022-10-03,18.15122772536615,28.637036370420425,1304.4784083071186,16,25.30254886114504,52.82940794355287,0,10,Fall,-10.485808645054274,Hot,1364.9301323716506,1171.9782598858408,210.65702075086986,-13678.510971113423
2022-10-04,18.877864946895404,3.705506093463917,1326.199373339867,18,45.23316361732287,46.929537791846215,1,10,Fall,15.172358853431486,Cold,1304.4784083071186,1209.0686211246282,211.85726462600357,20121.57280350842
2022-10-05,21.13361094359903,19.283889342852127,1530.3648619248183,16,28.205372693273805,54.076622140257456,2,10,Fall,1.8497216007469035,Moderate,1326.199373339867,1255.5834976965198,244.0520038989779,2830.748942126389
2022-10-06,25.231537533906497,14.88550282314744,1675.8983021610643,20,31.9168365669621,41.54975133705094,3,10,Fall,10.346034710759056,Moderate,1530.3648619248183,1376.6943971943194,203.5659358760436,17338.902005860542
2022-10-07,22.48958461509785,0.9656893127975472,1329.6488668984205,20,29.95009078053128,56.18013122821254,4,10,Fall,21.523895302300303,Cold,1675.8983021610643,1420.7296375112485,136.0401597651676,28619.222999943835
2022-10-08,21.002276536650577,-11.387456526145428,1143.2489177754808,16,21.12277207222972,38.45752077879755,5,10,Fall,32.389733062796005,Cold,1329.6488668984205,1382.1098375397742,172.0201866606767,37029.52727107824
2022-10-09,24.66443099320552,6.380985916365734,1129.5895212776977,20,29.04782198876345,47.953850913841656,6,10,Fall,18.283445076839786,Moderate,1143.2489177754808,1348.4897502406382,197.10608974106174,20652.787971654532
2022-10-10,23.54213892945789,27.85638219469381,1282.1766284914995,18,30.081522087621533,53.49247407252734,0,10,Fall,-4.31424326523592,Hot,1129.5895212776977,1345.3037816955496,198.11370590581046,-5531.62188431235
2022-10-11,23.55555003730945,11.986378132859864,1695.7985429194516,16,33.93602616512713,46.76221145859858,1,10,Fall,11.569171904449588,Moderate,1282.1766284914995,1398.1036630640617,237.50826291783363,19618.984858350268
2022-10-12,21.111321733236387,20.076072338575493,1336.42134956534,16,28.94441770405534,39.70014221794217,2,10,Fall,1.0352493946608945,Moderate,1695.7985429194516,1370.397447012708,230.72324400486124,1383.5293931494139
2022-10-13,20.476130800973536,2.44749968918957,1431.5197257686652,16,29.996232602317296,54.66229995996197,3,10,Fall,18.028631111783966,Cold,1336.42134956534,1335.4862218137937,192.03857984550876,25808.34106512541
2022-10-14,21.628759138897017,32.01253598277434,1188.1904797750835,20,30.293374019781403,48.76109066133319,4,10,Fall,-10.383776843877321,Hot,1431.5197257686652,1315.2778807961743,200.0317551781943,-12337.904790003997
2022-10-15,22.86418123006523,-10.767288483095117,1287.0268724992482,20,22.529838568752595,66.3925560462373,5,10,Fall,33.63146971316035,Cold,1188.1904797750835,1335.817588613855,186.3362626405921,43284.60528248195
2022-10-16,22.137155046908347,12.26935895461112,1136.0777013781023,16,33.8228639559487,62.427804998042,6,10,Fall,9.867796092297228,Moderate,1287.0268724992482,1336.7444714853414,185.15183393723325,11210.583102204855
2022-10-17,20.561951750237483,19.176010975967607,1234.973762622934,18,30.256251538929885,50.2028339870686,0,10,Fall,1.3859407742698764,Moderate,1136.0777013781023,1330.0012049326892,188.3031845405525,1711.6004927726115
2022-10-18,22.192810940821165,-5.7593290283451,1829.5735704510985,16,21.141001678886227,54.97268563953481,1,10,Fall,27.952139969166264,Cold,1234.973762622934,1349.111923151496,233.07969127327362,51140.49652513638
2022-10-19,21.52074018807978,15.639091779156695,1823.956675229452,20,25.526158055088384,59.54549022519099,2,10,Fall,5.881648408923086,Moderate,1829.5735704510985,1418.7598268177976,293.6317221244224,10727.871876807949
2022-10-20,20.61241340334817,13.217983413012504,1789.5732609780189,20,32.230049184612284,37.26251523742263,3,10,Fall,7.3944299903356665,Moderate,1823.956675229452,1469.9103318477053,325.6641158733136,13232.87419087866
2022-10-21,22.75216020880002,18.85846368973524,1360.8907551046275,18,30.870344352228702,56.775006211579885,4,10,Fall,3.8936965190647825,Moderate,1789.5732609780189,1494.581799751926,306.75753779569385,5298.895595978332
2022-10-22,19.372430458586305,-2.586310190305173,1188.5713774180338,20,23.936879788397167,45.159260364328006,5,10,Fall,21.958740648891478,Cold,1360.8907551046275,1480.516729026038,319.83841472825316,26099.530619418314
2022-10-23,20.774621355014396,28.19882639179024,1181.9634499337158,18,24.453458136283498,37.22874441245339,6,10,Fall,-7.424205036775845,Hot,1188.5713774180338,1487.0718359625546,311.9761475701764,-8775.138998282848
2022-10-24,24.52235315736996,4.921837625314655,1151.3104794687374,20,26.84221875660884,63.59811064780285,0,10,Fall,19.600515532055304,Cold,1181.9634499337158,1475.1199383690978,324.59128527447126,22566.278935045026
2022-10-25,22.30784520161488,28.370503237314395,1305.2179352811834,20,27.688369043282304,61.94075242724068,1,10,Fall,-6.0626580356995134,Hot,1151.3104794687374,1400.2119904876813,287.5493939086313,-7913.090003671594
2022-10-26,25.28455296017945,20.42541121637492,1165.750587779078,18,30.66235418852241,55.02949114968925,2,10,Fall,4.859141743804532,Moderate,1305.2179352811834,1306.182549423342,227.16725285877158,5664.547343941987
2022-10-27,24.37553628301105,3.552921254565893,1321.510993344209,16,34.03810859208932,57.31643670705917,3,10,Fall,20.82261502844516,Cold,1165.750587779078,1239.3165111899405,86.50691332767373,27517.31467026462
2022-10-28,22.216015353704314,18.608850241297432,1214.812978354413,20,23.114089243182764,53.94444851787126,4,10,Fall,3.607165112406882,Moderate,1321.510993344209,1218.4482573684816,67.91221605374842,4382.030993619135
2022-10-29,20.05832681638509,14.049469074885796,1321.0321552985067,20,34.32090691963162,45.676365806357154,5,10,Fall,6.008857741499295,Moderate,1214.812978354413,1237.3712256371205,76.15411085233565,7937.894293134931
2022-10-30,20.085952727643047,18.983967032470417,1423.1668348889684,20,32.61670186212276,69.8141175339657,6,10,Fall,1.1019856951726297,Moderate,1321.0321552985067,1271.8288520592994,98.26442411216483,1568.309493891751
2022-10-31,23.211944888870256,25.244540071728704,1472.2186266722283,20,28.04122279909225,51.88509718050394,0,10,Fall,-2.032595182858447,Hot,1423.1668348889684,1317.6728730883697,107.12535185886873,-2992.42448868845
2022-11-01,21.93642132379736,6.302377530833132,1260.8186493767917,20,29.0120839117572,54.76065646091888,1,11,Fall,15.63404379296423,Moderate,1472.2186266722283,1311.3301179591708,109.27847420312702,19711.693979342774
2022-11-02,21.17492166798919,-12.640896059054189,1512.70486813422,16,31.79069190412704,62.43247988717459,2,11,Fall,33.81581772704338,Cold,1260.8186493767917,1360.8950151527624,110.91464188653424,51153.35209563798
2022-11-03,20.948927053351092,-1.2970238131720393,1629.2442586540894,16,26.652680849290984,42.50993269996146,3,11,Fall,22.24595086652313,Cold,1512.70486813422,1404.856910197031,147.6166344012104,36244.08772758378
2022-11-04,21.62015888793068,13.498883203349234,1516.461190007972,18,29.147476749381205,41.80739779138016,4,11,Fall,8.121275684581445,Moderate,1629.2442586540894,1447.9495118618252,125.22249367018455,12315.599389023184
2022-11-05,22.98968619846887,7.811903558180678,1885.9997829437127,16,29.791608404454028,52.15134040461289,5,11,Fall,15.177782640288193,Moderate,1516.461190007972,1528.6591729539975,193.33292372161114,28625.294765150382
2022-11-06,20.755570181282607,15.711356184914358,1728.1276718842755,20,30.13311704472459,51.38543844241514,6,11,Fall,5.044213996368249,Moderate,1885.9997829437127,1572.2250068104697,199.8494816465138,8717.04579002994
2022-11-07,24.29084647010505,0.2558988711758978,1773.3675696502798,16,29.394418245819296,41.02865402817383,0,11,Fall,24.03494759892915,Cold,1728.1276718842755,1615.2462843787632,207.01857168638963,42622.796610184814
2022-11-08,23.90578031362528,11.829751163375883,1769.373109445376,20,31.75138482442622,57.167824550221866,1,11,Fall,12.076029150249395,Moderate,1773.3675696502798,1687.8969215314178,140.43353014840253,21367.001247329776
2022-11-09,22.347054287672485,10.353960408832492,1362.1049872701626,16,31.330805525640667,28.49698071378668,2,11,Fall,11.993093878839993,Moderate,1769.373109445376,1666.3826528365528,178.20285299506904,16335.852985167214
2022-11-10,24.89166633310394,15.414388432902571,1374.1832080407037,20,31.56676874924436,64.3026904886357,3,11,Fall,9.47727790020137,Moderate,1362.1049872701626,1629.945359891783,210.25582112038452,13023.516148391984
2022-11-11,22.225768205603057,13.648654100999249,1636.1131136454312,18,32.79290955285791,46.83601314031687,4,11,Fall,8.577114104603808,Moderate,1374.1832080407037,1647.0384918399916,204.2707435992726,14033.12886377548
2022-11-12,26.36894315859718,6.536642014409517,1859.5449734760637,20,23.27590120956671,60.92058840463238,5,11,Fall,19.832301144187664,Moderate,1636.1131136454312,1643.2592333446132,199.2969922300047,36879.05590513776
2022-11-13,24.588929916330507,-11.57741702730602,1661.3556987787074,16,27.76926693669832,50.70151655104426,6,11,Fall,36.166346943636526,Cold,1859.5449734760637,1633.7203800438178,196.1307594508264,60085.16659881843
2022-11-14,19.60147720580481,-6.396934205575459,1341.8244794420675,20,21.70437498526149,50.66510438468955,0,11,Fall,25.998411411380268,Cold,1661.3556987787074,1572.0713671569304,212.09326663450761,34885.30485839603
2022-11-15,21.588373666039,12.730944614780215,1841.678456602892,16,31.29589214726511,49.65950969719716,1,11,Fall,8.857429051258785,Moderate,1341.8244794420675,1582.400702465147,224.69032819426448,16312.5362645919
2022-11-16,21.633155024208627,12.0125075319627,1190.9684102307424,18,29.65510858433115,60.57446835324099,2,11,Fall,9.620647492245926,Moderate,1841.678456602892,1557.952620030944,259.3001920657218,11457.887249230509
2022-11-17,17.922263328238596,7.4039799427411825,1548.6756743880824,20,29.483213860468407,53.96897732859236,3,11,Fall,10.518283385497414,Moderate,1190.9684102307424,1582.8801152234269,246.7741013062839,16289.409615440169
2022-11-18,28.02385249199795,-1.2872476066740326,1623.3350647978968,16,26.197439652370186,64.0639200021688,4,11,Fall,29.311100098671982,Cold,1548.6756743880824,1581.0546796737788,246.3616135455491,47581.73657797532
2022-11-19,22.640208698115845,30.62754719694988,1589.2428746232188,18,28.220652922198788,39.60533368235605,5,11,Fall,-7.987338498834035,Hot,1623.3350647978968,1542.4400941233725,214.56811934924778,-12693.820796475706
2022-11-20,19.924683229381287,18.51184042661846,1296.6459185783456,18,37.521170100011005,38.382846024049954,6,11,Fall,1.4128428027628281,Moderate,1589.2428746232188,1490.3386969518924,224.91066138847643,1831.9568537952116
2022-11-21,23.268401813892147,33.1526470371131,1401.5829268502075,18,30.204177067948446,56.278921895457536,0,11,Fall,-9.884245223220951,Hot,1296.6459185783456,1498.875618010198,219.400620787981,-13853.589349667203
2022-11-22,23.451102157150878,20.41709920971052,1831.574350442732,16,31.02655627207819,53.60631684750292,1,11,Fall,3.0340029474403565,Moderate,1401.5829268502075,1497.4321742730322,216.78709606399488,5557.001977699406
2022-11-23,23.908216611160928,-6.401991484834827,1589.4455180294992,20,31.66741847083562,50.372286640204585,2,11,Fall,30.310208095995755,Cold,1831.574350442732,1554.3574753871403,170.21694859253057,48176.42440872189
2022-11-24,23.16484323481028,20.20018998673069,1820.8937199401548,20,39.91511106710322,35.67865732929559,3,11,Fall,2.964653248079589,Moderate,1589.4455180294992,1593.245767608865,197.59641082405366,5398.318481228305
2022-11-25,24.983631548395167,9.137902155742792,666.2046068292196,20,27.75582006016892,60.97694576317683,4,11,Fall,15.845729392652375,Moderate,1820.8937199401548,1456.512845041911,400.3945455426282,10556.497919954185
2022-11-26,20.25960409449071,1.871016025645316,2304.7156810027705,16,36.97843304055782,57.165138783509136,5,11,Fall,18.388588068845394,Cold,666.2046068292196,1558.7232459532756,514.8781053802741,42380.46727376843
2022-11-27,22.46143473748501,4.053841027003333,1249.2321342957543,18,36.1585000985714,53.94963340973144,6,11,Fall,18.407593710481677,Cold,2304.7156810027705,1551.9498481986195,519.1942235571877,22995.35757819413
2022-11-28,21.51868144053442,8.266821121543979,1369.4272607517596,20,19.931736002154693,65.42024183571533,0,11,Fall,13.25186031899044,Moderate,1249.2321342957543,1547.356181613127,520.885851560351,18147.458776500018
2022-11-29,19.386138108288645,12.2153392813947,2043.2837660068133,16,25.9427922351356,41.04323609677372,1,11,Fall,7.170798826893945,Moderate,1369.4272607517596,1577.6003838365673,545.6943041098024,14651.976832293098
2022-11-30,23.84847527963295,19.107457771903675,1682.0269474754857,16,32.70674941166423,48.86724256460804,2,11,Fall,4.741017507729275,Moderate,2043.2837660068133,1590.8263023288512,547.1492433174155,7974.519206453707
2022-12-01,22.36456645863313,24.763169369894623,1944.963395387512,20,28.605971678409773,52.597406122245005,3,12,Winter,-2.3986029112614915,Moderate,1682.0269474754857,1608.5505416784733,557.7509584911783,-4665.194862473521
2022-12-02,20.67556634027892,8.429804109756079,2100.947239063981,20,18.18763333806862,58.04659143980811,4,12,Winter,12.24576223052284,Moderate,1944.963395387512,1813.513774854868,393.0406993720801,25727.700348450944
2022-12-03,23.95964988389559,9.063718907253705,1949.825860864868,16,30.70030342518413,67.96245172014473,5,12,Winter,14.895930976641885,Moderate,2100.947239063981,1762.8152291208821,338.1802336500563,29044.471439914418
2022-12-04,20.05661256692236,-11.355493715069445,1157.3771204547731,16,26.239852225348287,67.25706396746851,6,12,Winter,31.412106281991804,Cold,1949.825860864868,1749.6930842864563,362.3482661586984,36355.653116070964
2022-12-05,23.171512331524603,3.756568444044863,1762.541041856501,20,37.0196767192611,51.038495916222416,0,12,Winter,19.41494388747974,Cold,1157.3771204547731,1805.8521958728477,321.7824442837327,34219.63542702405
2022-12-06,22.789832912127835,21.86635155636589,1680.074555955561,16,34.297114451798066,51.802134514149,1,12,Winter,0.9234813557619468,Moderate,1762.541041856501,1753.965165865526,306.01308951342213,1551.5175287149923
2022-12-07,18.393821933968976,10.45133511892507,1680.4575764085184,16,29.602893233124185,47.87116274394367,2,12,Winter,7.942486815043907,Moderate,1680.074555955561,1753.7409699988164,306.0751466327179,13347.012143865297
2022-12-08,22.16647869571023,-0.8748146645307369,1746.53549138316,20,17.291630314106747,54.63953294375917,3,12,Winter,23.041293360240964,Cold,1680.4575764085184,1725.3941265696233,294.3787442907491,40242.43662103199
2022-12-09,21.492304026824545,-9.986554382715704,1754.1186060063774,16,35.9838427940039,37.344595653664285,4,12,Winter,31.47885840954025,Cold,1746.53549138316,1675.8471789899656,245.8162341583215,55217.651232014876
2022-12-10,22.33742807706209,0.5653217937392965,2041.7742286262328,18,36.9934197060342,60.105035438608176,5,12,Winter,21.772106283322792,Cold,1754.1186060063774,1688.9826600987321,264.63315090282856,44453.72551219975
2022-12-11,21.838408219681774,4.264826329436659,1936.513458199953,20,30.918754880778877,51.62940480312288,6,12,Winter,17.573581890245116,Cold,2041.7742286262328,1800.2878512051861,136.70488567124474,34031.477839238636
2022-12-12,21.10905022408774,17.596942822295674,1472.1678171077456,18,30.3577579723059,59.81347765363992,0,12,Winter,3.512107401792065,Moderate,1936.513458199953,1758.805961955364,185.43734782413097,5170.41148714418
2022-12-13,24.987020326538225,7.936028127233584,2250.345116081728,20,41.72038898794988,57.56356863059507,1,12,Winter,17.05099219930464,Moderate,1472.1678171077456,1840.2731848305307,256.6696342044567,38370.61702005284
2022-12-14,26.03151318052321,12.232624234181056,1999.7384610723295,18,25.678697513144584,47.42036269085532,2,12,Winter,13.798888946342153,Moderate,2250.345116081728,1885.8847397825036,251.8600983189924,27594.168946066235
2022-12-15,22.70035505764912,14.115890495658029,1637.6118150713503,18,31.884232832207797,63.952930911891904,3,12,Winter,8.58446456199109,Moderate,1999.7384610723295,1870.3242145951024,264.9299835987894,14058.020592777913
2022-12-16,21.73727579626812,4.356668390894452,2198.375628109418,16,27.99567232676345,48.84469810769696,4,12,Winter,17.380607405373667,Cold,1637.6118150713503,1933.7895034669652,284.9112328012798,38209.10372171154
2022-12-17,21.70105829464449,-18.411552091253668,1500.6479980294494,20,26.782975538058142,46.64304543248032,5,12,Winter,40.11261038589816,Cold,2198.375628109418,1856.4857562388534,321.7572172136601,60194.90847133337
2022-12-18,22.195089497783133,15.767311775014123,2022.3540024070733,20,33.0905521085607,40.89307056443152,6,12,Winter,6.42777772276901,Moderate,1500.6479980294494,1868.748691125585,326.9101369836375,12999.24200422493
2022-12-19,23.690019764580864,18.551443403285536,1984.2827928160796,20,29.384688724456765,25.95878869948595,0,12,Winter,5.138576361295328,Moderate,2022.3540024070733,1941.9079733696326,276.8354508076926,10196.388653289781
2022-12-20,23.39846887110121,0.2733505765035389,1781.077144600443,16,32.04116485631652,35.74236785595997,1,12,Winter,23.12511829459767,Cold,1984.2827928160796,1874.869691729449,244.6430620941093,41187.61966068948
2022-12-21,22.98391520964593,-5.504429028418791,1881.7050458662168,18,33.09804277292574,26.595806071499712,2,12,Winter,28.48834423806472,Cold,1781.077144600443,1858.0077752714328,238.59505789349558,53606.66110114015
2022-12-22,20.222457826502808,-18.389821559120712,2417.006397182119,16,28.06802574439608,52.82063992137285,3,12,Winter,38.61227938562352,Cold,1881.7050458662168,1969.349858430114,294.0213352683582,93326.12628483532
2022-12-23,22.15462924825094,16.952799136693223,2119.9737058020187,20,32.67816886808064,45.07749972927154,4,12,Winter,5.201830111557719,Moderate,2417.006397182119,1958.1495838147714,285.20398861096874,11027.743058551545
2022-12-24,21.40981346949432,-7.062151680817472,1746.108871790303,16,31.843073165782,61.42995585104127,5,12,Winter,28.471965150311792,Cold,2119.9737058020187,1993.2154229234645,229.1630284937687,49715.15094626375
2022-12-25,18.21848866499245,9.8910596869308,1793.319942312968,20,37.10190231923263,32.68616539713294,6,12,Winter,8.327428978061649,Moderate,1746.108871790303,1960.4962714814496,240.38493714152014,14933.744454552852
2022-12-26,22.2612665056104,14.211361544511682,1545.2147566813896,18,27.999087204499084,50.429777546525415,0,12,Winter,8.049904961098719,Moderate,1793.319942312968,1897.772266319351,286.0834202931028,12438.831935772469
2022-12-27,22.694697193016168,0.1429705395857974,2583.252543426393,16,21.58968802360957,49.818820250966645,1,12,Winter,22.55172665343037,Cold,1545.2147566813896,2012.3687518659153,377.58030438834885,58256.805236130785
2022-12-28,18.66691341818132,3.385130123428686,1840.287829973368,16,35.53291495911989,65.86665305520995,2,12,Winter,15.281783294752634,Cold,2583.252543426393,2006.4520067383655,380.2839075558049,28122.87981762359
2022-12-29,22.335065494277487,6.357331521465461,2151.25656948681,16,25.79156705475589,48.149401011584814,3,12,Winter,15.977733972812025,Moderate,1840.287829973368,1968.4877456390354,344.0008624286358,34372.20517452445
2022-12-30,23.74554617032811,-0.957114917953522,1495.1653241283286,16,29.61398504156568,34.69705659930299,4,12,Winter,24.702661088281634,Cold,2151.25656948681,1879.2294053999371,377.56595882319226,36934.56227289286
2022-12-31,25.265513263242568,-22.28564214732924,1925.929695531977,18,27.6801492226434,54.91546276288273,5,12,Winter,47.55115541057181,Cold,1495.1653241283286,1904.9180945058906,373.08997997946955,91580.18226207628
